Product Name,Original Price,Discounted Price,Discount Percentage,Customer Rating (out of 5),Number of Reviews,Product URL
"SIMI C1 4G Smartphone – 6.3"" HD+ Display, Snapdragon 710, 6GB RAM, 64GB Storage, Dual Rear Camera (20MP+8MP), 13MP Selfie, 4000mAh Battery, 18W Fast Charging – Gold","UGX 435,000","UGX 230,000",47%,3.5,100.0,https://www.jumia.ug/simi-c1-4g-smartphone-6.3-hd-display-snapdragon-710-6gb-ram-64gb-storage-dual-rear-camera-20mp8mp-13mp-selfie-4000mah-battery-18w-fast-charging-gold-193067578.html
"Samsung Galaxy A56 5G 6.7"" 12GB RAM 256GB ROM 50MP 5000mAh – Graphite.","UGX 2,580,000","UGX 1,325,000",49%,,5.0,https://www.jumia.ug/samsung-galaxy-a56-5g-6.7-12gb-ram-256gb-rom-50mp-5000mah-graphite.-249200313.html
"Nokia 150 Dual Sim - Torch Flash Camera, FM Radio-Black","UGX 130,000","UGX 88,000",32%,3.2,18.0,https://www.jumia.ug/nokia-150-dual-sim-torch-flash-camera-fm-radio-black-117465538.html
"Infinix Smart 10 - 6.67"" 3GB RAM 64GB ROM 8MP 5000mAh - Sleek Black","UGX 457,000","UGX 302,000",34%,4.0,4.0,https://www.jumia.ug/infinix-smart-10-6.67-3gb-ram-64gb-rom-8mp-5000mah-sleek-black-246175707.html
"Samsung Galaxy Note 20 8GB RAM, 128GB Storage Refurbished - Bronze (1YR WRTY)","UGX 1,900,000","UGX 885,000",53%,3.7,13.0,https://www.jumia.ug/samsung-galaxy-note-20-8gb-ram-128gb-storage-refurbished-bronze-1yr-wrty-110496165.html
"SIMI C1 4G Smartphone – 6.3"" HD+ Display, Snapdragon 710, 6GB RAM, 64GB Storage, Dual Rear Camera (20MP+8MP), 13MP Selfie, 4000mAh Battery, 18W Fast Charging – Blue","UGX 435,000","UGX 229,000",47%,3.5,187.0,https://www.jumia.ug/simi-c1-4g-smartphone-6.3-hd-display-snapdragon-710-6gb-ram-64gb-storage-dual-rear-camera-20mp8mp-13mp-selfie-4000mah-battery-18w-fast-charging-blue-193065496.html
"Redmi Note 13 4G 6.67"" 8GB RAM 256GB ROM 108MP 5100mAh - Black/Blue","UGX 2,200,000","UGX 580,000",74%,4.3,39.0,https://www.jumia.ug/note-13-4g-6.67-8gb-ram-256gb-rom-200mp-5100mah-blckblue-redmi-mpg5667424.html
"Samsung Galaxy A05 - 6.7"" 4GB RAM 64GB ROM 50MP 5000mAh - Black","UGX 600,000","UGX 278,500",54%,4.0,774.0,https://www.jumia.ug/samsung-galaxy-a05-6.7-4gb-ram-64gb-rom-50mp-5000mah-black-210163879.html
"Itel A70 - 6.6""HD+ 8GB (3+5GB*) RAM 128GB ROM 13MP 5000mAh- Blue/ Black/Gold","UGX 400,000","UGX 299,000",25%,4.2,190.0,https://www.jumia.ug/itel-a70-6.6hd-8gb-35gb-ram-128gb-rom-13mp-5000mah-blue-blackgold-111960021.html
/ Global Star Sound Bar System 3.1 Channel  Hifi Enabled - Black (1YR WRTY),"UGX 300,000","UGX 220,000",27%,3.7,58.0,https://www.jumia.ug/generic-global-star-sound-bar-system-3.1-channel-hifi-enabled-black-1yr-wrty-175618622.html
"Redmi 14C - 6.88"" 4GB RAM 128GB ROM 50MP 5160mAh - Black/Blue","UGX 450,000","UGX 340,000",24%,3.8,39.0,https://www.jumia.ug/redmi-14c-6.88-4gb-ram-128gb-rom-50mp-5160mah-blackblue-243824947.html
ZTE Blade A35 Core 5'' 32GB ROM 4GB RAM 2000mAh Battery	4G Face Recognition With Free Phone Case (1 Yr Warranty) - Dark Grey,"UGX 320,000","UGX 130,000",59%,3.9,15.0,https://www.jumia.ug/zte-blade-a35-core-5-32gb-rom-4gb-ram-2000mah-battery4g-face-recognition-with-free-phone-case-1-yr-warranty-dark-grey-240685967.html
ZTE Nubia Blade A55 6.75” - 4G - 13MP AI Dual Camera 5000mAh 4GB RAM 128GB ROM - Stary Black,"UGX 400,000","UGX 325,000",19%,4.0,502.0,https://www.jumia.ug/nubia-blade-a55-6.75-4g-13mp-ai-dual-camera-5000mah-4gb-ram-128gb-rom-stary-black-zte-mpg5788762.html
"Tecno Camon 40 - 6.78"" 8GB RAM 256GB ROM 50MP 5200mAh - Black","UGX 900,000","UGX 816,200",9%,3.7,31.0,https://www.jumia.ug/tecno-camon-40-6.78-8gb-ram-256gb-rom-50mp-5200mah-black-246981538.html
ZTE Nubia Blade A35 6.75” 5000mAh 12GB RAM 64GB ROM With Face Recognition-Green (1 YR WRNTY),"UGX 380,000","UGX 245,000",36%,3.9,188.0,https://www.jumia.ug/nubia-blade-a35-6.75-5000mah-12gb-ram-64gb-rom-with-face-recognition-green-1-yr-wrnty-zte-mpg5788761.html
"Itel S24 - 6.6"" 8GB (4+4GB)RAM 128GB ROM 108MP 5000mAh 18W TYPE C Fast Charging With A FREE Tecno Watch 3","UGX 680,000","UGX 469,000",31%,3.3,3.0,https://www.jumia.ug/itel-s24-6.6-8gb-44gbram-128gb-rom-108mp-5000mah-18w-type-c-fast-charging-with-a-free-tecno-watch3-222184400.html
"Samsung Galaxy A06 - 6.7"" 4GB RAM 64GB ROM 50MP 5000mAh - Light Blue.","UGX 530,000","UGX 340,000",36%,3.9,9.0,https://www.jumia.ug/samsung-galaxy-a06-6.7-4gb-ram-64gb-rom-50mp-5000mah-light-blue.-230785413.html
"Samsung Galaxy Note 10 - 6.3"" 8GB RAM 256GB ROM 12MP Refurbished  - Black (1YR WRTY)","UGX 1,500,000","UGX 850,000",43%,3.4,11.0,https://www.jumia.ug/galaxy-note-10-6.3-8gb-ram-256gb-rom-12mp-black-samsung-mpg931169.html
"Samsung Galaxy A06 - 6.7"" 4GB RAM 128GB ROM 50MP 5000mAh - Black","UGX 600,000","UGX 369,000",39%,,125.0,https://www.jumia.ug/samsung-galaxy-a06-6.7-4gb-ram-128gb-rom-50mp-5000mah-black-231267754.html
"Redmi Note 14 4G (Global) 6.67"" 8GB RAM 256GB ROM 108MP 5500mAh - Sandy Gold.","UGX 950,000","UGX 625,000",34%,,11.0,https://www.jumia.ug/redmi-note-14-4g-global-6.67-8gb-ram-256gb-rom-108mp-5500mah-sandy-gold.-244341806.html
"Redmi Note 14 Pro 4G (Global) 6.67"" 8GB RAM 256GB ROM 200MP 5500mAh - Ocean Blue.","UGX 2,000,000","UGX 850,000",58%,2.0,1.0,https://www.jumia.ug/redmi-note-14-pro-4g-global-6.67-8gb-ram-256gb-rom-200mp-5500mah-ocean-blue.-244336251.html
"RENEWED Refurbished Samsung Galaxy S10e 128GB ROM, 6GB RAM, 3100mAh, Fingerprint (side-mounted), 16 MP (1 Month Warranty).","UGX 600,000","UGX 465,000",23%,5.0,2.0,https://www.jumia.ug/renewed-refurbished-samsung-galaxy-s10e-128gb-rom-6gb-ram-3100mah-fingerprint-side-mounted-16-mp-1-month-warranty.-246968691.html
"Samsung Galaxy S24 Ultra 6.8"" 12GB RAM 256GB ROM 200MP 5000mAh - Titanium Black","UGX 6,770,000","UGX 2,880,000",57%,5.0,4.0,https://www.jumia.ug/samsung-galaxy-s24-ultra-6.8-12gb-ram-256gb-rom-200mp-5000mah-titanium-black-121668173.html
Samsung Galaxy S21+ 5G (S21 Plus) 128GB 8GB RAM Refurbished  - Black,"UGX 2,000,000","UGX 845,000",58%,4.3,3.0,https://www.jumia.ug/galaxy-s21-5g-s21-plus-256gb-rom-8gb-ram-black-samsung-mpg931180.html
"Redmi Note 14 4G (Global) 6.67"" 8GB RAM 256GB ROM 108MP 5500mAh - BLUE.","UGX 950,000","UGX 625,000",34%,,17.0,https://www.jumia.ug/note-14-4g-global-6.67-8gb-ram-256gb-rom-108mp-5500mah-blue-redmi-mpg6141425.html
"Infinix Hot 50i - 6.7"" 6GB RAM 128GB ROM 48MP 5000mAh - Sleek Black","UGX 500,000","UGX 430,000",14%,3.6,14.0,https://www.jumia.ug/infinix-hot-50i-6.7-6gb-ram-128gb-rom-48mp-5000mah-sleek-black-224580683.html
Tecno Spark 30C 4GB RAM 128GB ROM - black,"UGX 700,000","UGX 450,000",36%,,30.0,https://www.jumia.ug/spark-30c-6.67-4gb-ram-128gb-rom-50mp-5000mah-orbit-black-tecno-mpg5948101.html
Redmi Note 13 8GB RAM 256GB ROM 5000mAh Battery - Black/Blue,"UGX 1,000,000","UGX 570,000",43%,4.5,28.0,https://www.jumia.ug/note-13-8gb-ram-256gb-rom-5000mah-battery-blackblue-redmi-mpg5878322.html
"Redmi 14C - 6.88"" 8GB RAM 128GB ROM 50MP 5160mAh - Black","UGX 600,000","UGX 334,000",44%,3.9,110.0,https://www.jumia.ug/14c-6.88-8gb-ram-128gb-rom-50mp-5160mah-black-redmi-mpg5289482.html
"Samsung Galaxy S21 Ultra 5G 6.8"" 8GB RAM 128GB ROM 108MP Refurbished  - Black","UGX 1,700,000","UGX 1,200,000",29%,3.6,7.0,https://www.jumia.ug/samsung-galaxy-s21-ultra-5g-6.8-8gb-ram-128gb-rom-108mp-refurbished-black-110173716.html
ZTE Nubia Blade A35 6.75” 5000mAh 12GB RAM 64GB ROM With Face Recognition - Black,"UGX 380,000","UGX 245,000",36%,3.6,354.0,https://www.jumia.ug/nubia-blade-a35-6.75-5000mah-12gb-ram-64gb-rom-with-face-recognition-black-zte-mpg5788760.html
"Redmi 14C - 6.88"" 8GB RAM 256GB ROM 50MP 5160mAh - Black","UGX 600,000","UGX 408,000",32%,3.7,51.0,https://www.jumia.ug/redmi-14c-6.88-8gb-ram-256gb-rom-50mp-5160mah-black-233597500.html
ZTE Blade A35 Core 5'' 32GB ROM 4GB RAM 2000mAh Battery	4G Face Recognition With Free Phone Case(1 Yr Warranty) - Light Blue,"UGX 250,000","UGX 135,000",46%,,71.0,https://www.jumia.ug/zte-blade-a35-core-5-32gb-rom-4gb-ram-2000mah-battery4g-face-recognition-with-free-phone-case1-yr-warranty-light-blue-227378906.html
"Samsung Galaxy A16 4G 6.7"" 4GB RAM 128GB ROM 50MP 5000mAh - Blue Black","UGX 700,000","UGX 479,000",32%,4.2,91.0,https://www.jumia.ug/samsung-galaxy-a16-4g-6.7-4gb-ram-128gb-rom-50mp-5000mah-blue-black-233385931.html
"Redmi 14C - 6.88"" 8GB RAM 256GB ROM 50MP 5160mAh - Black","UGX 600,000","UGX 417,000",31%,4.5,6.0,https://www.jumia.ug/14c-6.88-8gb-ram-256gb-rom-50mp-5160mah-black-redmi-mpg6143238.html
"Itel S24 - 6.6"" 8GB (4+4GB) RAM 128GB ROM 108MP 5000mAh 18W TYPE C Fast Charging- Colors May Vary.","UGX 600,000","UGX 399,000",34%,,98.0,https://www.jumia.ug/itel-s24-6.6-8gb-44gb-ram-128gb-rom-108mp-5000mah-18w-type-c-fast-charging-colors-may-vary.-222839785.html
"Redmi 14C - 6.88"" 4GB RAM 128GB ROM 50MP 5160mAh - Black/Blue","UGX 550,000","UGX 340,000",38%,3.6,20.0,https://www.jumia.ug/redmi-14c-6.88-4gb-ram-128gb-rom-50mp-5160mah-blackblue-243824624.html
"Redmi Note 14 4G 6.67"" 8GB RAM 256GB ROM 108MP 5110mAh - Black","UGX 1,200,000","UGX 635,000",47%,,8.0,https://www.jumia.ug/redmi-note-14-4g-6.67-8gb-ram-256gb-rom-108mp-5110mah-black-250537129.html
"Samsung Galaxy Note 10 ( Note10) 6.8"" 8gb  RAM 256gb ROM 12MP Camera Refurbished - Color May Vary","UGX 1,300,000 - UGX 1,500,000","UGX 850,000",43%,4.2,9.0,https://www.jumia.ug/samsung-galaxy-note-10-note10-6.8-8gb-ram-256gb-rom-12mp-camera-refurbished-color-may-vary-110171716.html
RENEWED OPPO A3S Refurbished 64GB + 4GB RAM - 4G LTE Dual Card - 6.2-inch Display - Face Unlock (red),"UGX 369,000","UGX 248,000",33%,3.1,13.0,https://www.jumia.ug/renewed-oppo-a3s-refurbished-64gb-4gb-ram-4g-lte-dual-card-6.2-inch-display-face-unlock-red-198548985.html
"Redmi 14C 6.88"" 8GB RAM 256GB ROM 50MP 5160mAh - Black","UGX 900,000","UGX 417,000",54%,3.9,24.0,https://www.jumia.ug/14c-6.88-8gb-ram-256gb-rom-50mp-5160mah-blue-redmi-mpg4782096.html
"Samsung Galaxy A16 4G 6.7"" 4GB RAM 128GB ROM 50MP 5000mAh - Black / Gray","UGX 700,000","UGX 500,000",29%,,,https://www.jumia.ug/samsung-galaxy-a16-4g-6.7-4gb-ram-128gb-rom-50mp-5000mah-black-gray-252324904.html
SIMI S400 Feature Phone 1.77inch Dual SIM Card 1050mAh,"UGX 53,000","UGX 29,000",45%,3.7,57.0,https://www.jumia.ug/simi-s400-feature-phone-1.77inch-dual-sim-card-1050mah-127924664.html
Nokia 6300 4G Unlocked Dual SIM WiFi Hotspot Social Apps Google Maps And Assistant Light Charcoal.,"UGX 200,000","UGX 110,000",45%,3.3,8.0,https://www.jumia.ug/nokia-6300-4g-unlocked-dual-sim-wifi-hotspot-social-apps-google-maps-and-assistant-light-charcoal.-204036073.html
"Redmi 14C - 6.88"" 4GB RAM 128GB ROM 50MP 5160mAh - Black","UGX 550,000","UGX 400,000",27%,3.0,2.0,https://www.jumia.ug/redmi-14c-6.88-4gb-ram-128gb-rom-50mp-5160mah-black-243825458.html
"SIMI Mecha T616 12GB RAM + 256GB ROM 6.56"" 5000mAh Battery 16MP + 48MP - Silver","UGX 700,000","UGX 479,000",32%,3.7,7.0,https://www.jumia.ug/simi-mecha-t616-12gb-ram-256gb-rom-6.56-5000mah-battery-16mp-48mp-silver-236249714.html
"Tecno Camon 30 6.78"" 8GB RAM 256GB ROM 50MP 5000mAh - White","UGX 1,000,000","UGX 780,000",22%,3.9,7.0,https://www.jumia.ug/tecno-camon-30-6.78-8gb-ram-256gb-rom-50mp-5000mah-white-163833963.html
"Samsung Galaxy A16 4G 6.7"" 4GB RAM 128GB ROM 50MP 5000mAh - Black","UGX 700,000","UGX 520,000",26%,,9.0,https://www.jumia.ug/samsung-galaxy-a16-4g-6.7-4gb-ram-128gb-rom-50mp-5000mah-black-233386515.html
"Samsung Galaxy M35 - 5G 6.6"" 6GB RAM 128GB ROM 50MP 6000mAh - Blue","UGX 770,000","UGX 645,000",16%,4.0,8.0,https://www.jumia.ug/samsung-galaxy-m35-5g-6.6-6gb-ram-128gb-rom-50mp-6000mah-blue-227179090.html
"Redmi Note 14 5G 6.67"" 8GB RAM 256GB ROM 108MP 5110mAh - Black.","UGX 950,000","UGX 840,000",12%,5.0,2.0,https://www.jumia.ug/redmi-note-14-5g-6.67-8gb-ram-256gb-rom-108mp-5110mah-black.-243444165.html
"Redmi Note 14 Pro+ 5G 6.67"" 12GB RAM 512GB ROM 50MP 6200mAh - Black.","UGX 1,850,000","UGX 1,270,000",31%,3.0,2.0,https://www.jumia.ug/redmi-note-14-pro-5g-6.67-12gb-ram-512gb-rom-50mp-6200mah-black.-243451338.html
ZTE Nubia Blade A55 6.75” - 4G - 13MP AI Dual Camera 5000mAh 4GB RAM 128GB ROM - Water Blue (1 YR WRNTY),"UGX 400,000","UGX 309,800",23%,3.5,24.0,https://www.jumia.ug/zte-nubia-blade-a55-6.75-4g-13mp-ai-dual-camera-5000mah-4gb-ram-128gb-rom-water-blue-1-yr-wrnty-210259337.html
"Nokia 3310 Dual SIM 2.4"" 16MB RAM 16MB ROM 1200mAh - Grey.","UGX 150,000","UGX 73,000",51%,3.3,119.0,https://www.jumia.ug/nokia-3310-dual-sim-2.4-16mb-ram-16mb-rom-1200mah-grey.-116767461.html
"Samsung Galaxy S22 Ultra 5G 6.8"" 8GB RAM 256gb ROM 108MP - Color May V*ary","UGX 3,000,000","UGX 1,750,000",42%,2.8,4.0,https://www.jumia.ug/samsung-galaxy-s22-ultra-5g-6.8-8gb-ram-256gb-rom-108mp-color-may-vary-225338028.html
"Infinix Hot 40 Pro 6.78"" 8GB RAM 256GB ROM 108MP 5000mAh - Starlit Black","UGX 950,000","UGX 650,000",32%,5.0,3.0,https://www.jumia.ug/infinix-hot-40-pro-6.78-8gb-ram-256gb-rom-108mp-5000mah-starlit-black-146232699.html
"Tecno Spark 10C (Spark 30C ) 6.8"" 4GB RAM 128GB ROM 16MP 5000mAh","UGX 550,000","UGX 470,000",15%,3.6,10.0,https://www.jumia.ug/spark-10c-6.6-8gb-ram-128gb-rom-16mp-5000mah-black-tecno-mpg937412.html
"SIMI S502 - 5.""  HD + 1GB And 16GB","UGX 175,000","UGX 152,000",13%,3.9,26.0,https://www.jumia.ug/simi-s502-5.-hd-1gb-and-16gb-127924663.html
"VILLAON V20 - Dual SIM 6.3"" 2GB RAM 32GB ROM 8MP 3000mAh - Black","UGX 185,000","UGX 170,000",8%,3.5,11.0,https://www.jumia.ug/villaon-v20-dual-sim-6.3-2gb-ram-32gb-rom-8mp-3000mah-black-176545542.html
"Itel A70 6.6"" HD+ Dynamic Bar (128+3) 13MP 5000mAh - Black","UGX 320,628","UGX 298,991",7%,4.2,105.0,https://www.jumia.ug/a70-6.6-hd-dynamic-bar-1283-13mp-5000mah-black-itel-mpg5201053.html
"ZTE Nubia Neo 2 5G 6.72"" 50Mp Dual Camera 16MP 6000mAh 256GB ROM 8GB RAM -Sunfire Yellow","UGX 800,000","UGX 678,200",15%,3.8,6.0,https://www.jumia.ug/zte-nubia-neo-2-5g-6.72-50mp-dual-camera-16mp-6000mah-256gb-rom-8gb-ram-sunfire-yellow-211873953.html
"Tecno Pop 8 - 6.6"" 2GB RAM 64GB ROM 13MP 5000mAh - Black","UGX 400,000","UGX 332,500",17%,3.8,4.0,https://www.jumia.ug/tecno-pop-8-6.6-2gb-ram-64gb-rom-13mp-5000mah-black-217024743.html
"Samsung Galaxy S25 Ultra 6.9"" 12GB RAM 256GB ROM 200MP 5000mAh - Titanium Gray","UGX 5,560,000","UGX 3,380,000",39%,5.0,1.0,https://www.jumia.ug/samsung-galaxy-s25-ultra-6.9-12gb-ram-256gb-rom-200mp-5000mah-titanium-gray-244101582.html
"Nokia 3310 Dual SIM 2.4"" 16MB RAM 16MB ROM 1200mAh   - Grey","UGX 150,000","UGX 73,000",51%,3.4,17.0,https://www.jumia.ug/nokia-3310-dual-sim-2.4-16mb-ram-16mb-rom-1200mah-grey-129845820.html
"Samsung Galaxy A16 4G 6.7"" 6GB RAM 128GB ROM 50MP 5000mAh - Light Green",,"UGX 650,000",,3.5,2.0,https://www.jumia.ug/galaxy-a16-4g-6.7-6gb-ram-128gb-rom-50mp-5000mah-grey-samsung-mpg5742126.html
"Samsung Galaxy A56 5G 6.7"" 12GB RAM 256GB ROM 50MP 5000mAh – Graphite","UGX 2,580,000","UGX 1,325,000",49%,5.0,2.0,https://www.jumia.ug/samsung-galaxy-a56-5g-6.7-12gb-ram-256gb-rom-50mp-5000mah-graphite-249200211.html
"Samsung Galaxy A53 5G 6.5"" 8GB RAM 128GB ROM 48MP 5000mAh -Blue","UGX 1,600,000","UGX 990,000",38%,4.0,3.0,https://www.jumia.ug/galaxy-a53-5g-6.5-8gb-ram-256gb-rom-48mp-5000mah-blue-samsung-mpg931150.html
"Samsung Galaxy A16 4G 6.7"" 8GB RAM 256GB ROM 50MP 5000mAh - Black","UGX 990,000","UGX 670,000",32%,,9.0,https://www.jumia.ug/galaxy-a16-4g-6.7-8gb-ram-256gb-rom-50mp-5000mah-blue-black-samsung-mpg4753259.html
"Redmi Note 14 4G (Global) 6.67"" 8GB RAM 256GB ROM 108MP 5500mAh - Black","UGX 890,000","UGX 635,000",29%,2.0,2.0,https://www.jumia.ug/note-14-4g-6.67-8gb-ram-256gb-rom-108mp-5500mah-black-redmi-mpg6007906.html
"Samsung Galaxy A26 5G 6.7"" 8GB RAM 256GB ROM 50MP 5000mAh – Mint.","UGX 1,370,000","UGX 890,000",35%,4.0,1.0,https://www.jumia.ug/samsung-galaxy-a26-5g-6.7-8gb-ram-256gb-rom-50mp-5000mah-mint.-249208591.html
"Samsung Galaxy A05s 6.7"" 4GB RAM 128GB ROM 50MP 5000mAh - Black","UGX 540,000","UGX 475,000",12%,4.3,11.0,https://www.jumia.ug/galaxy-a05s-6.7-4gb-ram-128gb-rom-50mp-5000mah-black-samsung-mpg3041088.html
"Redmi Note 14 Pro+ 5G 6.67"" 12GB RAM 512GB ROM 50MP 6200mAh - Blue.","UGX 1,750,000","UGX 1,270,000",27%,4.7,3.0,https://www.jumia.ug/redmi-note-14-pro-5g-6.67-12gb-ram-512gb-rom-50mp-6200mah-blue.-243451708.html
"Tecno Camon 20 Premier 6.67"" 8GB RAM 512GB ROM 108MP 5000mAh","UGX 1,820,000","UGX 999,000",45%,5.0,4.0,https://www.jumia.ug/tecno-camon-20-premier-6.67-8gb-ram-512gb-rom-108mp-5000mah-107387825.html
"Samsung Galaxy F06 5G 6.7"" 6GB RAM 128GB ROM 50MP 5000mAh – Blue","UGX 790,000","UGX 500,000",37%,,,https://www.jumia.ug/samsung-galaxy-f06-5g-6.7-6gb-ram-128gb-rom-50mp-5000mah-blue-249206998.html
RENEWED Redmi 10A 4GB RAM + 64GB ROM 5000mAh Dual SIM 6.5 Inch HD Screen 13MP Camera Fingerprint Refurbished Smartphone,"UGX 369,985","UGX 277,008",25%,2.0,1.0,https://www.jumia.ug/renewed-redmi-10a-4gb-ram-64gb-rom-5000mah-dual-sim-6.5-inch-hd-screen-13mp-camera-fingerprint-refurbished-smartphone-242846871.html
"Samsung Galaxy A26 5G 6.7"" 8GB RAM 256GB ROM 50MP 5000mAh – Mint.","UGX 2,070,000","UGX 890,000",57%,,,https://www.jumia.ug/galaxy-a26-5g-6.7-8gb-ram-256gb-rom-50mp-5000mah-black-samsung-mpg5482767.html
"Infinix Smart 7 Plus / (Smart 8) 6.6"" 4GB RAM/64GB ROM Android 12 - Blue","UGX 450,000","UGX 350,000",22%,3.8,19.0,https://www.jumia.ug/infinix-smart-7-plus-smart-8-6.6-4gb-ram64gb-rom-android-12-blue-142856232.html
"Samsung Galaxy Note 9 - 6.4"", 6GB RAM, 128GB, 12MP Camera - black","UGX 900,000","UGX 799,000",11%,3.5,11.0,https://www.jumia.ug/galaxy-note-9-6.4-6gb-ram-128gb-12mp-camera-black-samsung-mpg6312242.html
"Samsung Galaxy A16 4G - 6.5"" 4GB RAM 128GB ROM 50MP 5000mAh - Blue Black","UGX 700,000","UGX 580,000",17%,3.2,11.0,https://www.jumia.ug/samsung-galaxy-a16-4g-6.5-4gb-ram-128gb-rom-50mp-5000mah-blue-black-224603525.html
"Infinix Hot 40 Pro 6.78"" 8GB RAM 256GB ROM 108MP 5000mAh - Palm Blue","UGX 850,000","UGX 650,000",24%,2.8,4.0,https://www.jumia.ug/infinix-hot-40-pro-6.78-8gb-ram-256gb-rom-108mp-5000mah-palm-blue-155405269.html
SIMI S102 1.77inch Feature Phone Dual SIM Card 1050mAh,"UGX 55,000","UGX 38,000",31%,3.4,52.0,https://www.jumia.ug/simi-s102-1.77inch-feature-phone-dual-sim-card-1050mah-127924666.html
"Infinix Smart 10 - 6.67"" 3GB RAM 64GB ROM 8MP 5000mAh - Sleek Black","UGX 457,000","UGX 302,000",34%,4.0,4.0,https://www.jumia.ug/infinix-smart-10-6.67-3gb-ram-64gb-rom-8mp-5000mah-sleek-black-246175707.html
"Nokia 150 Dual Sim - Torch Flash Camera, FM Radio-Black","UGX 130,000","UGX 88,000",32%,3.2,18.0,https://www.jumia.ug/nokia-150-dual-sim-torch-flash-camera-fm-radio-black-117465538.html
"Samsung Galaxy A56 5G 6.7"" 12GB RAM 256GB ROM 50MP 5000mAh – Graphite.","UGX 2,580,000","UGX 1,325,000",49%,,5.0,https://www.jumia.ug/samsung-galaxy-a56-5g-6.7-12gb-ram-256gb-rom-50mp-5000mah-graphite.-249200313.html
"Nokia 2660 Flip 2.8"" 48MB RAM 128MB ROM 0.3MP 1450mAh - Black","UGX 300,000","UGX 108,000",64%,3.4,36.0,https://www.jumia.ug/nokia-2660-flip-2.8-48mb-ram-128mb-rom-0.3mp-1450mah-black-120455465.html
"Apple  IPhone X, 256GB, 3GB RAM, Single Sim - Silver","UGX 800,000","UGX 750,000",6%,3.2,9.0,https://www.jumia.ug/apple-iphone-x-256gb-3gb-ram-single-sim-silver-146303898.html
"Redmi 14C 6.88"" 4GB RAM 128GB ROM 50MP 5160mAh - Black","UGX 600,000","UGX 340,000",43%,5.0,5.0,https://www.jumia.ug/14c-6.88-4gb-ram-128gb-rom-50mp-5160mah-black-redmi-mpg2837234.html
"SIMI C1 4G Smartphone Qualcomm Snapdragon 710 , 6.3"" INCELL HD+ Display, 6GB RAM + 64GB Storage, 20MP+8MP Dual Rear Camera, 13MP Front Camera, 4000mAh Battery, 18W Fast Charger, Complete Accessory Package - White/Gold/Blue","UGX 500,000","UGX 355,000",29%,,5.0,https://www.jumia.ug/simi-c1-4g-smartphone-qualcomm-snapdragon-710-6.3-incell-hd-display-6gb-ram-64gb-storage-20mp8mp-dual-rear-camera-13mp-front-camera-4000mah-battery-18w-fast-charger-complete-accessory-package-whitegoldblue-207782192.html
"Virtual Reality Headset, Game/movie/3D VR Glasses VR Box For Any Phone- Blu-ray Eye Gog Gles","UGX 34,999","UGX 29,949",14%,3.4,10.0,https://www.jumia.ug/generic-virtual-reality-headset-gamemovie3d-vr-glasses-vr-box-for-any-phone-blu-ray-eye-gog-gles-196779258.html
"Samsung Galaxy Note 20 8GB RAM, 128GB Storage Refurbished - Bronze (1YR WRTY)","UGX 1,900,000","UGX 885,000",53%,3.7,13.0,https://www.jumia.ug/samsung-galaxy-note-20-8gb-ram-128gb-storage-refurbished-bronze-1yr-wrty-110496165.html
"Redmi Note 14 Pro 4G (Global) 6.67"" 8GB RAM 256GB ROM 200MP 5500mAh - Black","UGX 2,000,000","UGX 850,000",58%,,,https://www.jumia.ug/redmi-note-14-pro-4g-global-6.67-8gb-ram-256gb-rom-200mp-5500mah-black-244471291.html
MK Genuine Grand Professional Digital Keyboard Or Piano For Mega Stages - Black.,"UGX 700,000","UGX 420,000",40%,3.7,3.0,https://www.jumia.ug/mk-genuine-grand-professional-digital-keyboard-or-piano-for-mega-stages-black.-202434644.html
"Samsung Galaxy M16 – 6.7"" 6GB RAM 128GB ROM 50MP 5000mAh – Pink","UGX 850,000","UGX 580,000",32%,4.3,4.0,https://www.jumia.ug/samsung-galaxy-m16-6.7-6gb-ram-128gb-rom-50mp-5000mah-pink-249203963.html
ZTE nubia Music (8GB+128GB) - Multicolor,"UGX 500,000","UGX 345,000",31%,4.0,11.0,https://www.jumia.ug/zte-nubia-music-8gb128gb-multicolor-227664975.html
"Redmi Note 14 Pro 4G (Global) 6.67"" 8GB RAM 256GB ROM 200MP 5500mAh - Black","UGX 2,000,000","UGX 850,000",58%,,,https://www.jumia.ug/redmi-note-14-pro-4g-global-6.67-8gb-ram-256gb-rom-200mp-5500mah-black-244338003.html
"Samsung Galaxy F16 – 6.7"" 6GB RAM 128GB ROM 50MP 5000mAh –  Blue.","UGX 850,000","UGX 580,000",32%,5.0,1.0,https://www.jumia.ug/galaxy-f16-6.7-6gb-ram-128gb-rom-50mp-5000mah-blue-samsung-mpg5569524.html
RENEWED OPPO A3S Refurbished 64GB + 4GB RAM - 4G LTE Dual Card - 6.2-inch Display - Face Unlock (purple),"UGX 369,000","UGX 255,000",31%,3.1,7.0,https://www.jumia.ug/renewed-oppo-a3s-refurbished-64gb-4gb-ram-4g-lte-dual-card-6.2-inch-display-face-unlock-purple-198548992.html
"Redmi Note 14 5G 6.67"" 8GB RAM 256GB ROM 108MP 5110mAh - White","UGX 950,000","UGX 840,000",12%,4.3,3.0,https://www.jumia.ug/redmi-note-14-5g-6.67-8gb-ram-256gb-rom-108mp-5110mah-white-243442769.html
"Google Pixel 5 128GB Storage, 8GB RAM, 4080mAh, 6.0"", 16MP Camera, Grade A Refurbished.  (1 Month Warranty)","UGX 680,000","UGX 529,500",22%,4.0,1.0,https://www.jumia.ug/google-pixel-5-128gb-storage-8gb-ram-4080mah-6.0-16mp-camera-grade-a-refurbished.-1-month-warranty-246967963.html
ZTE Nubia Blade A55 6.75” - 4G - 13MP AI Dual Camera 5000mAh 4GB RAM 128GB ROM - Stary Black,"UGX 400,000","UGX 325,000",19%,4.0,502.0,https://www.jumia.ug/nubia-blade-a55-6.75-4g-13mp-ai-dual-camera-5000mah-4gb-ram-128gb-rom-stary-black-zte-mpg5788762.html
"Infinix Hot 40 Pro 6.78"" 8GB RAM 256GB ROM 108MP 5000mAh - Green","UGX 900,000","UGX 650,000",28%,5.0,1.0,https://www.jumia.ug/infinix-hot-40-pro-6.78-8gb-ram-256gb-rom-108mp-5000mah-green-204512149.html
"Samsung Galaxy A26 5G 6.7"" 6GB RAM 128GB ROM 50MP 5000mAh – Black","UGX 940,000","UGX 800,000",15%,,,https://www.jumia.ug/galaxy-a26-5g-6.7-6gb-ram-128gb-rom-50mp-5000mah-black-samsung-mpg6257120.html
"Samsung Galaxy S24 Ultra 6.8"" 12GB RAM 256GB ROM 200MP 5000mAh - Titanium Black","UGX 6,770,000","UGX 2,880,000",57%,5.0,4.0,https://www.jumia.ug/samsung-galaxy-s24-ultra-6.8-12gb-ram-256gb-rom-200mp-5000mah-titanium-black-121668173.html
ZTE Nubia Blade A35 6.75” 5000mAh 12GB RAM 64GB ROM With Face Recognition-Green (1 YR WRNTY),"UGX 380,000","UGX 245,000",36%,3.9,188.0,https://www.jumia.ug/nubia-blade-a35-6.75-5000mah-12gb-ram-64gb-rom-with-face-recognition-green-1-yr-wrnty-zte-mpg5788761.html
"Tecno Spark 30c - 6.78"" 4GB RAM 128GB ROM 64MP 5000mAh - Black- ... - Black- White","UGX 600,000","UGX 520,000",13%,1.0,2.0,https://www.jumia.ug/tecno-spark-30c-6.78-4gb-ram-128gb-rom-64mp-5000mah-black-...-black-white-245523416.html
"Redmi Note 14 Pro 4G (Global) 6.67"" 12GB RAM 512GB ROM 200MP 5500mAh - Black.","UGX 2,200,000","UGX 1,010,000",54%,4.0,2.0,https://www.jumia.ug/redmi-note-14-pro-4g-global-6.67-12gb-ram-512gb-rom-200mp-5500mah-black.-244335960.html
Samsung Galaxy S21+ 5G (S21 Plus) 128GB 8GB RAM Refurbished  - Black,"UGX 2,000,000","UGX 845,000",58%,4.3,3.0,https://www.jumia.ug/galaxy-s21-5g-s21-plus-256gb-rom-8gb-ram-black-samsung-mpg931180.html
"Redmi Note 14 Pro 4G (Global) 6.67"" 8GB RAM 256GB ROM 200MP 5500mAh - Ocean Blue.","UGX 2,000,000","UGX 850,000",58%,2.0,1.0,https://www.jumia.ug/redmi-note-14-pro-4g-global-6.67-8gb-ram-256gb-rom-200mp-5500mah-ocean-blue.-244336251.html
"Infinix Hot 30i 6.56"" 4GB RAM 128GB ROM 13MP 5000mAh - Gold","UGX 600,000","UGX 440,000",27%,4.5,6.0,https://www.jumia.ug/infinix-hot-30i-6.56-4gb-ram-128gb-rom-13mp-5000mah-gold-123412412.html
"Redmi Note 14 4G (Global) 6.67"" 8GB RAM 256GB ROM 108MP 5500mAh - BLUE.","UGX 950,000","UGX 625,000",34%,,17.0,https://www.jumia.ug/note-14-4g-global-6.67-8gb-ram-256gb-rom-108mp-5500mah-blue-redmi-mpg6141425.html
"Redmi Note 14S 6.67"" 8GB RAM 256GB ROM 200MP 5000mAh - Black","UGX 1,920,000","UGX 780,000",59%,,,https://www.jumia.ug/redmi-note-14s-6.67-8gb-ram-256gb-rom-200mp-5000mah-black-249165674.html
"Redmi Note 14 4G 6.67"" 8GB RAM 256GB ROM 108MP 5110mAh - Black","UGX 1,200,000","UGX 635,000",47%,,8.0,https://www.jumia.ug/redmi-note-14-4g-6.67-8gb-ram-256gb-rom-108mp-5110mah-black-250537129.html
"RENEWED Refurbished Samsung Galaxy S10e 128GB ROM, 6GB RAM, 3100mAh, Fingerprint (side-mounted), 16 MP (1 Month Warranty).","UGX 600,000","UGX 465,000",23%,5.0,2.0,https://www.jumia.ug/renewed-refurbished-samsung-galaxy-s10e-128gb-rom-6gb-ram-3100mah-fingerprint-side-mounted-16-mp-1-month-warranty.-246968691.html
Itel  A06 - 6.56'' 2GB RAM 32GB ROM 8MP 4000mAh - Magic Black,"UGX 350,000","UGX 226,100",35%,2.0,4.0,https://www.jumia.ug/itel-a06-6.56-2gb-ram-32gb-rom-8mp-4000mah-magic-black-244599332.html
"Nokia Refurbished 5310 ""2.4"" 8MB RAM-16MB ROM 0.2MP Dual SIM  - Color May Vary","UGX 150,000","UGX 95,000",37%,3.4,47.0,https://www.jumia.ug/nokia-refurbished-5310-2.4-8mb-ram-16mb-rom-0.2mp-dual-sim-color-may-vary-129846402.html
ZTE Nubia Blade A35 6.75” 5000mAh 12GB RAM 64GB ROM With Face Recognition - Black,"UGX 380,000","UGX 245,000",36%,3.6,354.0,https://www.jumia.ug/nubia-blade-a35-6.75-5000mah-12gb-ram-64gb-rom-with-face-recognition-black-zte-mpg5788760.html
"Itel A50C - 6.6"" 2GB RAM 64GB ROM 18MP 4000mAh - Sapphire Black","UGX 400,000","UGX 243,800",39%,3.6,5.0,https://www.jumia.ug/itel-a50c-6.6-2gb-ram-64gb-rom-18mp-4000mah-sapphire-black-206451726.html
"Samsung Galaxy S21 Ultra 5G 6.8"" 8GB RAM 128GB ROM 108MP Refurbished  - Black","UGX 1,700,000","UGX 1,200,000",29%,3.6,7.0,https://www.jumia.ug/samsung-galaxy-s21-ultra-5g-6.8-8gb-ram-128gb-rom-108mp-refurbished-black-110173716.html
"Redmi 14C 6.88"" 8GB RAM 256GB ROM 50MP 5160mAh - Black","UGX 900,000","UGX 417,000",54%,3.9,24.0,https://www.jumia.ug/14c-6.88-8gb-ram-256gb-rom-50mp-5160mah-blue-redmi-mpg4782096.html
"Samsung Galaxy A16 4G 6.7"" 4GB RAM 128GB ROM 50MP 5000mAh - Black / Gray","UGX 700,000","UGX 500,000",29%,,,https://www.jumia.ug/samsung-galaxy-a16-4g-6.7-4gb-ram-128gb-rom-50mp-5000mah-black-gray-252324904.html
"Redmi Note 14 Pro+ 5G 6.67"" 12GB RAM 512GB ROM 50MP 6200mAh - Purple.","UGX 1,750,000","UGX 1,270,000",27%,5.0,2.0,https://www.jumia.ug/redmi-note-14-pro-5g-6.67-12gb-ram-512gb-rom-50mp-6200mah-purple.-244471297.html
Nokia Worlds Smallest Mini Mobile Phone Mini Phone Wireless Dialer Black.,"UGX 95,000","UGX 75,000",21%,3.8,4.0,https://www.jumia.ug/nokia-worlds-smallest-mini-mobile-phone-mini-phone-wireless-dialer-black.-215572751.html
"Samsung Galaxy S25 Ultra 6.9"" 12GB RAM 256GB ROM 200MP 5000mAh - Black","UGX 5,560,000","UGX 3,380,000",39%,3.0,1.0,https://www.jumia.ug/samsung-galaxy-s25-ultra-6.9-12gb-ram-256gb-rom-200mp-5000mah-black-244471314.html
"Canon  Colour Inkjet PIXMA MG2540s / MG2541s All-in-One Printer (Copy, Scan, Print) - Black","UGX 250,000","UGX 202,000",19%,4.0,23.0,https://www.jumia.ug/canon-colour-inkjet-pixma-mg2540s-mg2541s-all-in-one-printer-copy-scan-print-black-111505601.html
"Samsung Galaxy S24 Ultra 6.8"" 12GB RAM 512GB ROM 200MP 5000mAh - Titanium Black","UGX 5,100,000","UGX 3,300,000",35%,5.0,2.0,https://www.jumia.ug/samsung-galaxy-s24-ultra-6.8-12gb-ram-512gb-rom-200mp-5000mah-titanium-black-143498133.html
"Redmi Note 14 Pro 4G (Global) 6.67"" 8GB RAM 256GB ROM 200MP 5500mAh - Black","UGX 2,000,000","UGX 850,000",58%,,,https://www.jumia.ug/redmi-note-14-pro-4g-global-6.67-8gb-ram-256gb-rom-200mp-5500mah-black-244471291.html
"Apple IPhone 15 Pro Max 6.7"" Single SIM 8GB RAM 256GB ROM 48MP 4441mAh - Black Titanium","UGX 6,500,000","UGX 3,900,000",40%,4.0,2.0,https://www.jumia.ug/apple-iphone-15-pro-max-6.7-single-sim-8gb-ram-256gb-rom-48mp-4441mah-black-titanium-130264304.html
Nokia Imported High Copy Original 106 Cell Phone -Black,"UGX 185,000","UGX 99,800",46%,,,https://www.jumia.ug/nokia-imported-high-copy-original-106-cell-phone-black-146167320.html
"Samsung Galaxy F06 5G 6.7"" 4GB RAM 128GB ROM 50MP 5000mAh – Blue.","UGX 740,000","UGX 490,000",34%,,,https://www.jumia.ug/samsung-galaxy-f06-5g-6.7-4gb-ram-128gb-rom-50mp-5000mah-blue.-249207001.html
Hisense 43 Inch Smart Vidda 4K Flameless Tv - Black,"UGX 1,000,000","UGX 730,000",27%,4.2,12.0,https://www.jumia.ug/43-inch-fhd-led-vidaa-smart-free-to-air-tv-43a4gs-black-hisense-mpg6267049.html
"Samsung Galaxy Note 8 &ndash; 6.3"", 6GB RAM, 64GB HDD, 12MP Camera - Black","UGX 800,000","UGX 740,000",8%,5.0,1.0,https://www.jumia.ug/samsung-galaxy-note-8-ndash-6.3-6gb-ram-64gb-hdd-12mp-camera-black-195168169.html
"Tecno Pop 8 - 6.6"" 4GB RAM 128GB ROM 13MP 5000mAh - Green","UGX 500,000","UGX 410,000",18%,2.5,2.0,https://www.jumia.ug/tecno-pop-8-6.6-4gb-ram-128gb-rom-13mp-5000mah-green-209665483.html
"Redmi Note 14 5G 6.67"" 8GB RAM 256GB ROM 108MP 5110mAh - White","UGX 950,000","UGX 840,000",12%,4.3,3.0,https://www.jumia.ug/redmi-note-14-5g-6.67-8gb-ram-256gb-rom-108mp-5110mah-white-243442769.html
"Samsung Refurbished Galaxy S20+ (S20 Plus) - 6.7"" 8GB RAM 128GB ROM 64MP  - Color May Vary","UGX 1,800,000","UGX 840,000",53%,4.3,3.0,https://www.jumia.ug/samsung-refurbished-galaxy-s20-s20-plus-6.7-8gb-ram-128gb-rom-64mp-color-may-vary-107416948.html
"Google Pixel 5 128GB Storage, 8GB RAM, 4080mAh, 6.0"", 16MP Camera, Grade A Refurbished.  (1 Month Warranty)","UGX 680,000","UGX 529,500",22%,4.0,1.0,https://www.jumia.ug/google-pixel-5-128gb-storage-8gb-ram-4080mah-6.0-16mp-camera-grade-a-refurbished.-1-month-warranty-246967963.html
"Samsung Galaxy Note 20 Ultra 4G 6.9"" 8GB RAM 128GB ROM 108MP -Black","UGX 2,100,000","UGX 999,000",52%,4.3,3.0,https://www.jumia.ug/galaxy-note20-ultra-4g-6.9-8gb-ram-128gb-rom-108mp-black-samsung-mpg669563.html
"Google Pixel 7 Pro 6.7"" 12GB RAM 512GB ROM 50MP 5000mAh - Obsidian","UGX 2,900,000","UGX 1,850,000",36%,5.0,1.0,https://www.jumia.ug/google-pixel-7-pro-6.7-12gb-ram-512gb-rom-50mp-5000mah-obsidian-198775695.html
"Samsung Galaxy S24 FE 6.7"" 8GB RAM 256GB ROM 50MP 4700mAh - Grey","UGX 3,300,000","UGX 1,700,000",48%,3.0,1.0,https://www.jumia.ug/galaxy-s24-fe-6.7-8gb-ram-256gb-rom-50mp-4700mah-gray-samsung-mpg5350732.html
"Redmi Note 14 Pro 4G (Global) 6.67"" 12GB RAM 512GB ROM 200MP 5500mAh - Black.","UGX 2,200,000","UGX 1,010,000",54%,3.0,2.0,https://www.jumia.ug/redmi-note-14-pro-4g-global-6.67-12gb-ram-512gb-rom-200mp-5500mah-black.-244336123.html
"Apple iPhone 11 6.1"" 4GB RAM 64GB ROM 12MP 3110mAh - White","UGX 1,800,000","UGX 900,000",50%,5.0,1.0,https://www.jumia.ug/iphone-11-6.1-4gb-ram-64gb-rom-12mp-3110mah-white-apple-mpg1497162.html
"Apple iPhone 16 Pro Max 6.9"" 8GB RAM 1TB ROM 48MP - Desert Titanium","UGX 9,700,000","UGX 6,500,000",33%,,,https://www.jumia.ug/iphone-16-pro-max-6.9-8gb-ram-1tb-rom-48mp-desert-titanium-apple-mpg3094361.html
Samsung Guru Music 2 (SM-B310E) - Dual SIM - Blue.,"UGX 120,000","UGX 65,000",46%,,7.0,https://www.jumia.ug/samsung-guru-music-2-sm-b310e-dual-sim-blue.-164559581.html
"Samsung Galaxy A16 4G 6.7"" 6GB RAM 128GB ROM 50MP 5000mAh - Blue Black","UGX 650,000","UGX 635,000",2%,3.7,6.0,https://www.jumia.ug/samsung-galaxy-a16-4g-6.7-6gb-ram-128gb-rom-50mp-5000mah-blue-black-243754679.html
"Redmi Note 14S 6.67"" 8GB RAM 256GB ROM 200MP 5000mAh - Black","UGX 1,920,000","UGX 780,000",59%,,,https://www.jumia.ug/redmi-note-14s-6.67-8gb-ram-256gb-rom-200mp-5000mah-black-249165674.html
"Samsung Galaxy A26 5G 6.7"" 6GB RAM 128GB ROM 50MP 5000mAh – Black","UGX 940,000","UGX 800,000",15%,,,https://www.jumia.ug/galaxy-a26-5g-6.7-6gb-ram-128gb-rom-50mp-5000mah-black-samsung-mpg6257120.html
"Nokia 6310 (2021) Original 1.8"" 8MB RAM 16MB ROM 0.2MP 1150mAh – Black (1 YR WRTY)","UGX 250,000","UGX 140,000",44%,3.3,9.0,https://www.jumia.ug/nokia-6310-2021-original-1.8-8mb-ram-16mb-rom-0.2mp-1150mah-black-1-yr-wrty-73599525.html
ZTE Nubia Blade A75 128GB 4GB RAM - 5G - Diamond Black,"UGX 500,000","UGX 424,000",15%,3.2,5.0,https://www.jumia.ug/zte-nubia-blade-a75-128gb-4gb-ram-5g-diamond-black-210008058.html
Laminating Machine - White,"UGX 250,000","UGX 239,900",4%,3.8,8.0,https://www.jumia.ug/generic-laminating-machine-white-111474513.html
"Tecno T528 Display 2.8"" Screen 16MB ROM + 8MB RAM Dual SIM Phone-Black","UGX 90,000","UGX 72,500",19%,3.8,14.0,https://www.jumia.ug/tecno-t528-display-2.8-screen-16mb-rom-8mb-ram-dual-sim-phone-black-111902534.html
"Redmi Note 14 Pro+ 5G 6.67"" 12GB RAM 512GB ROM 50MP 6200mAh -  Black","UGX 1,750,000","UGX 1,270,000",27%,5.0,1.0,https://www.jumia.ug/redmi-note-14-pro-5g-6.67-12gb-ram-512gb-rom-50mp-6200mah-black-243451557.html
"Samsung Galaxy F16 – 6.7"" 6GB RAM 128GB ROM 50MP 5000mAh – Black","UGX 750,000","UGX 580,000",23%,,,https://www.jumia.ug/samsung-galaxy-f16-6.7-6gb-ram-128gb-rom-50mp-5000mah-black-249206658.html
"Samsung Galaxy S24 FE 6.7"" 8GB RAM 256GB ROM 50MP 4700mAh - Graphite.","UGX 3,300,000","UGX 1,700,000",48%,5.0,2.0,https://www.jumia.ug/samsung-galaxy-s24-fe-6.7-8gb-ram-256gb-rom-50mp-4700mah-graphite.-230680800.html
"Samsung Galaxy A56 5G 6.7"" 12GB RAM 256GB ROM 50MP 5000mAh – Graphite","UGX 2,580,000","UGX 1,325,000",49%,5.0,1.0,https://www.jumia.ug/galaxy-a56-5g-6.7-12gb-ram-256gb-rom-50mp-5000mah-pink-samsung-mpg5441177.html
"Itel P65 128GB + 4GB RAM, 6.7"", 500mAh, Black","UGX 450,874","UGX 399,014",12%,5.0,1.0,https://www.jumia.ug/itel-p65-128gb-4gb-ram-6.7-500mah-black-245063700.html
"Samsung Galaxy S25 Ultra 6.9"" 12GB RAM 256GB ROM 200MP 5000mAh - Black","UGX 5,560,000","UGX 3,380,000",39%,3.0,1.0,https://www.jumia.ug/samsung-galaxy-s25-ultra-6.9-12gb-ram-256gb-rom-200mp-5000mah-black-244471314.html
"Tecno Spark 20 Pro+ 6.78"" 8GB RAM 256GB ROM 108MP 5000mAh - Lunar Frost","UGX 1,000,000","UGX 770,000",23%,4.0,3.0,https://www.jumia.ug/tecno-spark-20-pro-6.78-8gb-ram-256gb-rom-108mp-5000mah-lunar-frost-135903617.html
"Tecno Spark 10C  6.8"" 4GB RAM 128GB ROM 16MP 5000mAh","UGX 500,000","UGX 470,000",6%,4.8,4.0,https://www.jumia.ug/tecno-spark-10c-6.8-4gb-ram-128gb-rom16mp5000mah-110763481.html
"Samsung Galaxy S24 Ultra 6.8"" 12GB RAM 256GB ROM 200MP 5000mAh - Titanium Black","UGX 6,770,000","UGX 2,880,000",57%,5.0,1.0,https://www.jumia.ug/galaxy-s24-ultra-6.8-12gb-ram-256gb-rom-200mp-5000mah-titanium-black-samsung-mpg2798654.html
"Samsung Galaxy A56 5G 6.7"" 12GB RAM 256GB ROM 50MP 5000mAh – Graphite","UGX 1,540,000","UGX 1,360,000",12%,,,https://www.jumia.ug/galaxy-a56-5g-6.7-12gb-ram-256gb-rom-50mp-5000mah-olive-samsung-mpg5547178.html
Tecno T101 Cellphone 1000mAh Battery 32GB ROM 1.77'' Display-Black,"UGX 80,000","UGX 65,000",19%,4.0,2.0,https://www.jumia.ug/tecno-t101-cellphone-1000mah-battery-32gb-rom-1.77-display-black-186125146.html
"Apple iPhone 8 2GB RAM+64GB ROM Refurbished,Space Gray","UGX 2,000,000","UGX 1,000,000",50%,,,https://www.jumia.ug/apple-iphone-8-2gb-ram64gb-rom-refurbishedspace-gray-33354162.html
"Apple iPhone 13 Pro Max 6.7"" 6GB RAM 256GB ROM 12MP 4352mAh - Blue","UGX 4,000,000","UGX 2,300,000",43%,5.0,1.0,https://www.jumia.ug/iphone-13-pro-max-6.7-6gb-ram-256gb-rom-12mp-4352mah-blue-apple-mpg871643.html
"Redmi Note 14 4G 6.67"" 8GB RAM 256GB ROM 108MP 5500mAh - Green","UGX 890,000","UGX 650,000",27%,5.0,1.0,https://www.jumia.ug/redmi-note-14-4g-6.67-8gb-ram-256gb-rom-108mp-5500mah-green-248140739.html
"Samsung Galaxy S23 Ultra 6.8"" 12GB RAM 256GB ROM 200MP - Black","UGX 5,100,015","UGX 2,600,000",49%,4.5,6.0,https://www.jumia.ug/galaxy-s23-ultra-6.8-12gb-ram-256gb-rom-200mp-black-samsung-mpg709775.html
"Samsung Galaxy F06 5G 6.7"" 4GB RAM 128GB ROM 50MP 5000mAh – Blue","UGX 640,000","UGX 490,000",23%,,,https://www.jumia.ug/galaxy-f06-5g-6.7-4gb-ram-128gb-rom-50mp-5000mah-blue-samsung-mpg5477402.html
"Apple iPhone 15 Pro Single SIM 6.1"" 8GB RAM 256GB ROM 48MP 3274mAh - Natural Titanium","UGX 6,180,000","UGX 3,400,000",45%,,,https://www.jumia.ug/apple-iphone-15-pro-single-sim-6.1-8gb-ram-256gb-rom-48mp-3274mah-natural-titanium-130242766.html
"Samsung Galaxy S22 Ultra 5G 6.8"" 8GB RAM 512GB ROM 108MP 5000mAh - Black","UGX 2,100,000","UGX 2,000,000",5%,4.0,2.0,https://www.jumia.ug/galaxy-s22-ultra-5g-6.8-8gb-ram-512gb-rom-108mp-5000mah-green-samsung-mpg5630347.html
"Samsung Galaxy A56 5G 6.7"" 8GB RAM 128GB ROM 50MP 5000mAh – Olive","UGX 2,250,000","UGX 1,180,000",48%,,,https://www.jumia.ug/samsung-galaxy-a56-5g-6.7-8gb-ram-128gb-rom-50mp-5000mah-olive-249201098.html
"Samsung Galaxy A56 5G 6.7"" 12GB RAM 256GB ROM 50MP 5000mAh – Graphite","UGX 2,580,000","UGX 1,325,000",49%,5.0,1.0,https://www.jumia.ug/galaxy-a56-5g-6.7-12gb-ram-256gb-rom-50mp-5000mah-light-gray-samsung-mpg5540439.html
"Itel 6360 Dual SIM Touch Button 2.8"" 1500mAh - Aurora Blue","UGX 160,000","UGX 149,000",7%,3.9,9.0,https://www.jumia.ug/itel-6360-dual-sim-touch-button-2.8-1500mah-aurora-blue-107386280.html
"Redmi Note 14 4G (Global) 6.67"" 8GB RAM 256GB ROM 108MP 5500mAh - Black.","UGX 950,000","UGX 625,000",34%,4.7,11.0,https://www.jumia.ug/note-14-4g-global-6.67-8gb-ram-256gb-rom-108mp-5500mah-black-redmi-mpg5700195.html
Iphone Camera Lens Protector - Black,"UGX 10,000 - UGX 25,000","UGX 7,000 - UGX 24,000",30%,,,https://www.jumia.ug/generic-iphone-camera-lens-protector-black-207905430.html
"Samsung Galaxy A56 5G 6.7"" 8GB RAM 128GB ROM 50MP 5000mAh – Olive.","UGX 2,250,000","UGX 1,180,000",48%,4.0,1.0,https://www.jumia.ug/samsung-galaxy-a56-5g-6.7-8gb-ram-128gb-rom-50mp-5000mah-olive.-249200843.html
"Samsung Galaxy A56 5G 6.7"" 12GB RAM 256GB ROM 50MP 5000mAh – Grey","UGX 1,780,000","UGX 1,325,000",26%,5.0,3.0,https://www.jumia.ug/galaxy-a56-5g-6.7-12gb-ram-256gb-rom-50mp-5000mah-graphite-samsung-mpg5542303.html
Tecno Camon 30 Pro 6.67'' 12GB RAM 512GB ROM 64MP 5000mAh - Black,"UGX 2,000,000","UGX 1,800,000",10%,3.7,3.0,https://www.jumia.ug/tecno-camon-30-pro-6.67-12gb-ram-512gb-rom-64mp-5000mah-black-146509093.html
"Tecno Camon 30 6.78"" 8GB RAM 256GB ROM 50MP 5000mAh - Sweet White","UGX 1,100,000","UGX 849,000",23%,4.7,6.0,https://www.jumia.ug/tecno-camon-30-6.78-8gb-ram-256gb-rom-50mp-5000mah-sweet-white-146540638.html
SIMI S122 1.77QVGA Feature Phone Dual SIM Card 1050mAh - Green,"UGX 70,000","UGX 35,000",50%,4.0,1.0,https://www.jumia.ug/simi-s122-1.77qvga-feature-phone-dual-sim-card-1050mah-green-218031179.html
"Infinix Hot 50i - 6.7"" 8GB RAM 128GB ROM 48MP 5000mAh - Titanium Grey",,"UGX 600,000",,4.5,16.0,https://www.jumia.ug/infinix-hot-50i-6.7-8gb-ram-128gb-rom-48mp-5000mah-titanium-grey-219817597.html
"SIMI Mecha T616 12GB RAM + 256GB Storage, 6.56 Display, 5000mAh Battery, 18W Fast Charging, 16MP + 48MP Dual Cameras, Android 14. High Performance, Stunning Photos, And Long-Lasting Battery - Black","UGX 700,000","UGX 480,000",31%,3.0,1.0,https://www.jumia.ug/simi-mecha-t616-12gb-ram-256gb-storage-6.56-display-5000mah-battery-18w-fast-charging-16mp-48mp-dual-cameras-android-14.-high-performance-stunning-photos-and-long-lasting-battery-black-236249317.html
"Samsung Galaxy A26 5G 6.7"" 8GB RAM 256GB ROM 50MP 5000mAh – Black","UGX 1,070,000","UGX 930,000",13%,,,https://www.jumia.ug/samsung-galaxy-a26-5g-6.7-8gb-ram-256gb-rom-50mp-5000mah-black-250223197.html
"Itel 2163 Dual SIM 1.8inch 32MB ROM, 32MB RAM 1000mAh – Black  Small Button Phone","UGX 60,200","UGX 43,000",29%,4.0,1.0,https://www.jumia.ug/2163-dual-sim-1.8inch-32mb-rom-32mb-ram-1000mah-black-small-button-phone-itel-mpg4765845.html
"Tecno Camon 30 6.78"" 8GB RAM 256GB ROM 50MP 5000mAh - Black","UGX 1,100,000","UGX 849,000",23%,4.2,10.0,https://www.jumia.ug/tecno-camon-30-6.78-8gb-ram-256gb-rom-50mp-5000mah-black-146537714.html
"Apple iPhone 11 Pro max  5.8"" 4GB RAM 256GB ROM 12MP 3046mAh - Gold","UGX 2,500,000","UGX 1,450,000",42%,3.0,1.0,https://www.jumia.ug/apple-iphone-11-pro-max-5.8-4gb-ram-256gb-rom-12mp-3046mah-gold-146252190.html
"Redmi Note 14 4G 6.67"" 8GB RAM 256GB ROM 108MP 5500mAh - Ocean Blue / Green","UGX 1,090,000","UGX 680,000",38%,5.0,2.0,https://www.jumia.ug/redmi-note-14-4g-6.67-8gb-ram-256gb-rom-108mp-5500mah-ocean-blue-green-250537093.html
"Nokia 3310 Dual SIM 2.4"" 16MB RAM 16MB ROM 1200mAh - Dark Blue","UGX 180,000","UGX 110,000",39%,3.6,56.0,https://www.jumia.ug/3310-dual-sim-2.4-16mb-ram-16mb-rom-1200mah-dark-blue-nokia-mpg1064058.html
"Redmi Note 14 Pro 5G (Global) 6.67"" 12GB RAM 512GB ROM 50MP 5500mAh - Green","UGX 2,280,000","UGX 1,130,000",50%,4.0,1.0,https://www.jumia.ug/redmi-note-14-pro-5g-global-6.67-12gb-ram-512gb-rom-50mp-5500mah-green-244335422.html
Itel Flip 1 2.4'' 1200mAh 8MB+8MB Dual SIM Fold Phone - Black,"UGX 120,000","UGX 100,000",17%,4.0,4.0,https://www.jumia.ug/itel-flip-1-2.4-1200mah-8mb8mb-dual-sim-fold-phone-black-202118335.html
"Samsung Galaxy S24 Ultra 6.8"" 12GB RAM 256GB ROM 200MP 5000mAh - Titanium Black","UGX 6,770,000","UGX 2,880,000",57%,3.3,3.0,https://www.jumia.ug/samsung-galaxy-s24-ultra-6.8-12gb-ram-256gb-rom-200mp-5000mah-titanium-black-131069969.html
"Redmi Note 14S 6.67"" 8GB RAM 256GB ROM 200MP 5000mAh - Purple.","UGX 1,910,000","UGX 780,000",59%,,,https://www.jumia.ug/redmi-note-14s-6.67-8gb-ram-256gb-rom-200mp-5000mah-purple.-249153752.html
"Samsung Galaxy S22 Ultra 5G 6.8"" 8GB RAM 512GB ROM 108MP 5000mAh - Burgundy","UGX 2,100,000","UGX 2,050,000",2%,,,https://www.jumia.ug/galaxy-s22-ultra-5g-6.8-8gb-ram-512gb-rom-108mp-5000mah-burgundy-samsung-mpg6087986.html
"Infinix Note 30 Pro 6.67"" 8GB RAM 256GB ROM 108MP 5000mAh - Black","UGX 1,050,000","UGX 780,000",26%,3.5,2.0,https://www.jumia.ug/infinix-note-30-pro-6.67-8gb-ram-256gb-rom-108mp-5000mah-black-129096779.html
"Samsung Galaxy S25 Ultra 6.9"" 12GB RAM 512GB ROM 200MP 5000mAh - Titanium Black","UGX 5,900,000","UGX 3,850,000",35%,5.0,1.0,https://www.jumia.ug/samsung-galaxy-s25-ultra-6.9-12gb-ram-512gb-rom-200mp-5000mah-titanium-black-244471317.html
"Google Pixel 7 - 6.3"" 8GB RAM 128GB ROM 50MP 4355mAh - Black","UGX 2,500,010","UGX 1,380,000",45%,,,https://www.jumia.ug/google-pixel-7-6.3-8gb-ram-128gb-rom-50mp-4355mah-black-57943618.html
"Canon Pixma MG2540s All in One Colour Inkjet Printer (Copy, Scan, Print) - Black","UGX 300,000","UGX 202,000",33%,4.3,7.0,https://www.jumia.ug/mg2540s-all-in-one-colour-inkjet-printer-copy-scan-print-black-canon-mpg4535586.html
"Samsung Galaxy Tab A8 - 10.5"" 3GB RAM 64GB ROM 8MP 7040mAh - Grey","UGX 1,200,000","UGX 440,000",63%,5.0,1.0,https://www.jumia.ug/galaxy-tab-a8-10.5-3gb-ram-64gb-rom-8mp-7040mah-silver-samsung-mpg90068.html
"Samsung Galaxy A56 5G 6.7"" 8GB RAM 256GB ROM 50MP 5000mAh – Olive","UGX 2,480,000","UGX 1,270,000",49%,,,https://www.jumia.ug/samsung-galaxy-a56-5g-6.7-8gb-ram-256gb-rom-50mp-5000mah-olive-249199166.html
"Redmi Note 14 Pro+ 5G 6.67"" 12GB RAM 512GB ROM 50MP 6200mAh - Blue","UGX 1,850,000","UGX 1,270,000",31%,,,https://www.jumia.ug/redmi-note-14-pro-5g-6.67-12gb-ram-512gb-rom-50mp-6200mah-blue-244471311.html
"Samsung Galaxy M16 – 6.7"" 6GB RAM 128GB ROM 50MP 5000mAh – Pink.","UGX 750,000","UGX 580,000",23%,5.0,1.0,https://www.jumia.ug/samsung-galaxy-m16-6.7-6gb-ram-128gb-rom-50mp-5000mah-pink.-249203964.html
"Redmi Note 13 5G 6.67"", 8GB RAM 256GB ROM, 108MP, 5000mAh - Black","UGX 1,500,000","UGX 750,000",50%,4.2,38.0,https://www.jumia.ug/redmi-note-13-5g-6.67-8gb-ram-256gb-rom-108mp-5000mah-black-125977472.html
"Samsung Galaxy S25 Ultra 6.9"" 12GB RAM 256GB ROM 200MP 5000mAh - Titanium Black","UGX 5,560,000","UGX 3,380,000",39%,,,https://www.jumia.ug/samsung-galaxy-s25-ultra-6.9-12gb-ram-256gb-rom-200mp-5000mah-titanium-black-244101581.html
"Apple iPhone 13 Pro Max 6.7"" 6GB RAM 128GB ROM 12MP 4352mAh - Green","UGX 4,000,000","UGX 2,200,000",45%,,,https://www.jumia.ug/apple-iphone-13-pro-max-6.7-6gb-ram-128gb-rom-12mp-4352mah-green-115698129.html
RENEWED Oppo Refurbished A83 4GB+ 32GB Smartphone - 4G LTE Dual Card 5.7-inch Display - Face Unlock（Black）,"UGX 368,000","UGX 245,000",33%,,,https://www.jumia.ug/renewed-oppo-refurbished-a83-4gb-32gb-smartphone-4g-lte-dual-card-5.7-inch-display-face-unlockblack-206090130.html
"Redmi Note 14 5G 6.67"" 8GB RAM 256GB ROM 108MP 5110mAh - Black.","UGX 1,050,000","UGX 840,000",20%,,,https://www.jumia.ug/redmi-note-14-5g-6.67-8gb-ram-256gb-rom-108mp-5110mah-black.-244471289.html
"Apple IPhone 14 - 6.1"" 6GB RAM 128GB ROM 12MP 3279mAh - Black","UGX 4,550,100","UGX 2,000,000",56%,,,https://www.jumia.ug/apple-iphone-14-6.1-6gb-ram-128gb-rom-12mp-3279mah-black-131070289.html
"Google Pixel 8 Pro 6.7"" 12GB RAM 256GB ROM 50MP 5050mAh - Black","UGX 4,100,000","UGX 3,000,000",27%,,,https://www.jumia.ug/8-pro-6.7-12gb-ram-256gb-rom-50mp-5050mah-black-google-pixel-mpg5342150.html
"Samsung Galaxy S24 Ultra 6.8"" 12GB RAM 1TB ROM 200MP 5000mAh - Black","UGX 5,400,000","UGX 5,300,000",2%,,,https://www.jumia.ug/samsung-galaxy-s24-ultra-6.8-12gb-ram-1tb-rom-200mp-5000mah-black-202767783.html
"Apple iPhone 12 Pro 6.1"" 6GB RAM 128GB ROM 12MP 2815mAh - Graphite","UGX 2,000,000","UGX 1,580,000",21%,5.0,1.0,https://www.jumia.ug/apple-iphone-12-pro-6.1-6gb-ram-128gb-rom-12mp-2815mah-graphite-153949821.html
"Nokia 2660 Flip 2.8"" 48MB RAM 128MB ROM 0.3MP 1450mAh","UGX 320,000","UGX 220,000",31%,5.0,1.0,https://www.jumia.ug/nokia-2660-flip-2.8-48mb-ram-128mb-rom-0.3mp-1450mah-148719181.html
"Apple IPhone 14 Pro 6.1"" 6GB ROM 256GB ROM 48MP 3200mAh – Gold (1 YR WRTY)","UGX 4,800,005","UGX 2,600,000",46%,5.0,1.0,https://www.jumia.ug/iphone-14-pro-6.1-6gb-rom-256gb-rom-48mp-3200mah-gold-apple-mpg871645.html
"Infinix Hot 12i - 6.6"" 4GB RAM 64GB ROM 13MP 5000mAh - Blue","UGX 650,000","UGX 460,000",29%,,,https://www.jumia.ug/infinix-hot-12i-6.6-4gb-ram-64gb-rom-13mp-5000mah-blue-146597710.html
"Apple IPhone 14 Pro Max 6.7"" 6GB RAM 256GB ROM 48MP - Black","UGX 6,200,000","UGX 2,900,000",53%,,,https://www.jumia.ug/apple-iphone-14-pro-max-6.7-6gb-ram-256gb-rom-48mp-black-131070176.html
"Redmi Note 14 Pro 4G (Global) 6.67"" 8GB RAM 256GB ROM 200MP 5500mAh - Black.","UGX 2,000,000","UGX 860,000",57%,1.0,1.0,https://www.jumia.ug/redmi-note-14-pro-4g-global-6.67-8gb-ram-256gb-rom-200mp-5500mah-black.-244335820.html
"RENEWED Oppo Refurbished OPPO F7 6.2 ""FHD+ 4GB+64GB  Silver（blue）","UGX 368,000","UGX 260,000",29%,,,https://www.jumia.ug/renewed-oppo-refurbished-oppo-f7-6.2-fhd-4gb64gb-silverblue-236810802.html
"Samsung Galaxy A16 4G 6.7"" 6GB RAM 128GB ROM 50MP 5000mAh - Black","UGX 990,000","UGX 590,000",40%,5.0,1.0,https://www.jumia.ug/samsung-galaxy-a16-4g-6.7-6gb-ram-128gb-rom-50mp-5000mah-black-233972799.html
"Apple IPhone 14 Pro Max 6.7"" 6GB RAM 512GB ROM 48MP - Purple","UGX 7,100,100","UGX 3,000,000",58%,1.0,1.0,https://www.jumia.ug/iphone-14-pro-max-6.7-6gb-ram-512gb-rom-48mp-purple-apple-mpg5350164.html
"Samsung Galaxy S21+ 5G 6.7"" 8GB RAM 128GB ROM 64MP Refurbished - Phantom Black","UGX 2,000,000","UGX 950,000",53%,3.0,1.0,https://www.jumia.ug/galaxy-s21-5g-6.7-8gb-ram-128gb-rom-64mp-phantom-black-samsung-mpg931185.html
"Samsung Galaxy A16 4G 6.7"" 4GB RAM 128GB ROM 50MP 5000mAh - Black","UGX 700,000","UGX 520,000",26%,4.0,2.0,https://www.jumia.ug/samsung-galaxy-a16-4g-6.7-4gb-ram-128gb-rom-50mp-5000mah-black-233386806.html
SIMI S240 Feature Phone 2.4inch Dual SIM Card 2500mAh,"UGX 63,000","UGX 40,900",35%,3.2,11.0,https://www.jumia.ug/simi-s240-feature-phone-2.4inch-dual-sim-card-2500mah-127924665.html
"Redmi Note 14 Pro 5G (Global) 6.67"" 12GB RAM 512GB ROM 50MP 5500mAh - Green","UGX 2,280,000","UGX 1,130,000",50%,,,https://www.jumia.ug/redmi-note-14-pro-5g-global-6.67-12gb-ram-512gb-rom-50mp-5500mah-green-244335432.html
"Apple iPhone 16 Pro Max 6.9"" 8GB RAM 512GB ROM 48MP - Desert Titanium","UGX 9,000,000","UGX 6,000,000",33%,,,https://www.jumia.ug/apple-iphone-16-pro-max-6.9-8gb-ram-512gb-rom-48mp-desert-titanium-222945206.html
"Samsung Galaxy S24 Ultra 6.8"" 12GB RAM 512GB ROM 200MP 5000mAh - Titanium Black.","UGX 5,100,000","UGX 3,300,000",35%,,,https://www.jumia.ug/samsung-galaxy-s24-ultra-6.8-12gb-ram-512gb-rom-200mp-5000mah-titanium-black.-143500009.html
"Samsung Galaxy S21, 6.2"" 8GB RAM 128GB ROM 64MP 4000mAh Refurbished - black (1YR WRTY)","UGX 1,800,000","UGX 950,000",47%,1.0,1.0,https://www.jumia.ug/galaxy-s21-6.2-8gb-ram-128gb-rom-64mp-4000mah-black-samsung-mpg931181.html
"Apple IPhone 15 - 6.1"" 6GB RAM 128GB ROM 48MP 3349mAh - Black","UGX 5,050,000","UGX 2,600,000",49%,,7.0,https://www.jumia.ug/iphone-15-6.1-6gb-ram-128gb-rom-48mp-3349mah-blue-apple-mpg1080684.html
"Apple iPhone 16 - 6.1"" 8GB RAM 128GB ROM 48MP 3561mAh - Pink","UGX 5,000,000","UGX 3,100,000",38%,,,https://www.jumia.ug/apple-iphone-16-6.1-8gb-ram-128gb-rom-48mp-3561mah-pink-222863462.html
"Samsung Galaxy S25 Ultra 6.9"" 12GB RAM 256GB ROM 200MP 5000mAh - Titanium sILVER Blue.","UGX 5,560,000","UGX 3,380,000",39%,,,https://www.jumia.ug/samsung-galaxy-s25-ultra-6.9-12gb-ram-256gb-rom-200mp-5000mah-titanium-silver-blue.-244101575.html
VILLAON V20SE 5.0'' 2GB RAM 32GB ROM 5MP 3000mAh - Blue,"UGX 205,000","UGX 190,800",7%,1.0,1.0,https://www.jumia.ug/villaon-v20se-5.0-2gb-ram-32gb-rom-5mp-3000mah-blue-207637704.html
"Oppo Reno11 - 6.7"" 12GB RAM 256GB ROM 50MP 4800mAh - Green","UGX 3,000,000","UGX 2,000,000",33%,,,https://www.jumia.ug/oppo-reno11-6.7-12gb-ram-256gb-rom-50mp-4800mah-green-131161966.html
"Itel 5626, 2.8"", Triple SIM, Super Soundbox, 2500mAh","UGX 110,000","UGX 87,000",21%,5.0,3.0,https://www.jumia.ug/itel-5626-2.8-triple-sim-super-soundbox-2500mah-148743399.html
"Redmi Note 14 Pro 4G (Global) 6.67"" 12GB RAM 512GB ROM 200MP 5500mAh - Black.","UGX 2,200,000","UGX 1,010,000",54%,5.0,1.0,https://www.jumia.ug/redmi-note-14-pro-4g-global-6.67-12gb-ram-512gb-rom-200mp-5500mah-black.-244471286.html
"Nokia 3310 Dual SIM 2.4"" 16MB RAM/ROM 1200 MAH - Blue","UGX 200,000","UGX 180,000",10%,,,https://www.jumia.ug/nokia-3310-dual-sim-2.4-16mb-ramrom-1200-mah-blue-38374986.html
"Apple iPhone 16 Pro Max Single SIM 6.9"" 8GB RAM 256GB ROM 48MP - Desert Titanium","UGX 8,500,000","UGX 4,700,000",45%,,,https://www.jumia.ug/apple-iphone-16-pro-max-single-sim-6.9-8gb-ram-256gb-rom-48mp-desert-titanium-218415253.html
"Samsung Galaxy S22 Ultra 5G 6.8"" 8GB RAM 512GB ROM 108MP 5000mAh - Burgundy","UGX 2,100,000","UGX 2,000,000",5%,,,https://www.jumia.ug/galaxy-s22-ultra-5g-6.8-8gb-ram-512gb-rom-108mp-5000mah-burgundy-samsung-mpg5625950.html
Nokia Smallest Mini Mobile Phone Mini Phone Wireless Dialer Very Small,"UGX 140,000","UGX 80,000",43%,4.0,1.0,https://www.jumia.ug/nokia-smallest-mini-mobile-phone-mini-phone-wireless-dialer-very-small-215457028.html
"Itel 6360 Dual SIM Touch Button 2.8"" 1500mAh - Dreamy Purple","UGX 130,000","UGX 115,000",12%,3.8,18.0,https://www.jumia.ug/6350-dual-sim-touch-button-2.8-1500mah-black-itel-mpg113945.html
"Tecno Camon 20 Pro 6.67"" 8 GB RAM 256 GB ROM 64MP 5000 MAh Refurbrished Black","UGX 1,000,000","UGX 785,000",22%,4.5,8.0,https://www.jumia.ug/tecno-camon-20-pro-6.67-8-gb-ram-256-gb-rom-64mp-5000-mah-refurbrished-black-171015256.html
"Apple IPhone 13 Pro 6.7"" 6GB RAM 256GB ROM 48MP 4323mAh - Gold","UGX 4,500,000","UGX 2,100,000",53%,,,https://www.jumia.ug/apple-iphone-13-pro-6.7-6gb-ram-256gb-rom-48mp-4323mah-gold-131069943.html
"Samsung Galaxy S25 Ultra 6.9"" 12GB RAM 512GB ROM 200MP 5000mAh - Titanium Black","UGX 5,900,000","UGX 3,850,000",35%,,,https://www.jumia.ug/samsung-galaxy-s25-ultra-6.9-12gb-ram-512gb-rom-200mp-5000mah-titanium-black-244101584.html
"Samsung Galaxy S24 Ultra 6.8"" 12GB RAM 512GB ROM 200MP 5000mAh - Titanium Black","UGX 5,100,000","UGX 3,300,000",35%,,,https://www.jumia.ug/samsung-galaxy-s24-ultra-6.8-12gb-ram-512gb-rom-200mp-5000mah-titanium-black-153971370.html
"Apple iPhone 15 Pro Max 6.7"" 8GB RAM 1TB ROM 48MP 4441mAh - Natutral Titanium",,"UGX 7,800,000",,,,https://www.jumia.ug/apple-iphone-15-pro-max-6.7-8gb-ram-1tb-rom-48mp-4441mah-natutral-titanium-131070055.html
"Hisense E60 - 6.95"" 4GB RAM 64GB ROM 16MP 5150mAh - Black(1 YR WRTY)","UGX 1,232,000","UGX 616,000",50%,,,https://www.jumia.ug/hisense-e60-6.95-4gb-ram-64gb-rom-16mp-5150mah-black1-yr-wrty-227065578.html
"Apple iPhone 13 Pro Max 6.7"" 6GB RAM 512GB ROM 12MP 4352mAh - Green","UGX 4,500,000","UGX 2,400,000",47%,,,https://www.jumia.ug/apple-iphone-13-pro-max-6.7-6gb-ram-512gb-rom-12mp-4352mah-green-115698950.html
SIMI S116 1.77inch Feature Phone Dual SIM Card 1400mAh,"UGX 45,000","UGX 37,000",18%,4.0,10.0,https://www.jumia.ug/simi-s116-1.77inch-feature-phone-dual-sim-card-1400mah-127924667.html
"Samsung Galaxy M32 5G - 6.4"" 6GB RAM 128GB ROM 48MP 5000mAh - Black","UGX 1,000,000","UGX 799,900",20%,5.0,1.0,https://www.jumia.ug/samsung-galaxy-m32-5g-6.4-6gb-ram-128gb-rom-48mp-5000mah-black-141717391.html
"Samsung Galaxy A26 5G 6.7"" 6GB RAM 128GB ROM 50MP 5000mAh – Black.","UGX 1,970,000","UGX 795,000",60%,,,https://www.jumia.ug/samsung-galaxy-a26-5g-6.7-6gb-ram-128gb-rom-50mp-5000mah-black.-249203833.html
"Samsung Galaxy A05 6.7"" 4GB RAM 64GB ROM 50MP 5000mAh - Black","UGX 450,000","UGX 315,000",30%,3.9,38.0,https://www.jumia.ug/galaxy-a05-6.7-4gb-ram-64gb-rom-50mp-5000amh-black-samsung-mpg6227203.html
"Infinix Note 12 - 6.7"" 8GB RAM 128GB ROM 50MP 5000mAh - snowfall","UGX 1,050,003","UGX 699,900",33%,,14.0,https://www.jumia.ug/note-12-6.7-8gb-ram-128gb-rom-50mp-5000mah-snowfall-infinix-mpg106965.html
"RENEWED Oppo Refurbished OPPO F7 6.2 ""FHD+  4GB +64GB  Black1","UGX 368,000","UGX 260,000",29%,1.0,3.0,https://www.jumia.ug/renewed-oppo-refurbished-oppo-f7-6.2-fhd-4gb-64gb-black1-236810809.html
"Samsung Galaxy S25 Ultra 6.9"" 12GB RAM 256GB ROM 200MP 5000mAh - Titanium Black","UGX 5,560,000","UGX 3,380,000",39%,5.0,1.0,https://www.jumia.ug/samsung-galaxy-s25-ultra-6.9-12gb-ram-256gb-rom-200mp-5000mah-titanium-black-244471323.html
Wireless Music Wireless Headphones Black With Noise Cancelation - Black,"UGX 55,000","UGX 28,500",48%,4.0,4.0,https://www.jumia.ug/wireless-music-wireless-headphones-black-with-noise-cancelation-black-155336831.html
"Itel Circle 1 - 1.32"" 32MB RAM 32MB ROM 0.03MP 500mAh - Black","UGX 100,000","UGX 75,000",25%,3.0,2.0,https://www.jumia.ug/itel-circle-1-1.32-32mb-ram-32mb-rom-0.03mp-500mah-black-124991856.html
"Samsung Galaxy A36 5G 6.7"" 8GB RAM 128GB ROM 50MP 5000mAh – Black","UGX 2,150,000","UGX 990,000",54%,5.0,3.0,https://www.jumia.ug/samsung-galaxy-a36-5g-6.7-8gb-ram-128gb-rom-50mp-5000mah-black-249202285.html
"Apple iPhone 13 Pro Max 6.7"" 6GB RAM 512GB ROM 12MP 4352mAh - Gold","UGX 4,500,000","UGX 2,400,000",47%,5.0,1.0,https://www.jumia.ug/apple-iphone-13-pro-max-6.7-6gb-ram-512gb-rom-12mp-4352mah-gold-115688444.html
"Samsung Galaxy A56 5G 6.7"" 8GB RAM 256GB ROM 50MP 5000mAh – Grey","UGX 2,480,000","UGX 1,270,000",49%,4.0,1.0,https://www.jumia.ug/samsung-galaxy-a56-5g-6.7-8gb-ram-256gb-rom-50mp-5000mah-grey-249199161.html
"Apple iPhone 15 Pro Max Single SIM 6.7"" 8GB RAM 1TB ROM 48MP 4441mAh - Natural Titanium","UGX 7,200,000","UGX 4,400,000",39%,,,https://www.jumia.ug/apple-iphone-15-pro-max-single-sim-6.7-8gb-ram-1tb-rom-48mp-4441mah-natural-titanium-131070096.html
"Samsung Galaxy A56 5G 6.7"" 8GB RAM 128GB ROM 50MP 5000mAh – Olive","UGX 2,250,000","UGX 1,180,000",48%,5.0,1.0,https://www.jumia.ug/galaxy-a56-5g-6.7-8gb-ram-128gb-rom-50mp-5000mah-pink-samsung-mpg5750876.html
"Infinix Note 30 - 6.78"" 8GB RAM 128GB ROM 64MP 5000mAh - Gold","UGX 700,000","UGX 650,000",7%,3.6,7.0,https://www.jumia.ug/infinix-note-30-6.78-8gb-ram-128gb-rom-64mp-5000mah-gold-225898384.html
"Apple iPhone 13 Pro Max 6.7"" 6GB RAM 512GB ROM 12MP 4352mAh - Blue","UGX 4,500,000","UGX 2,400,000",47%,,,https://www.jumia.ug/apple-iphone-13-pro-max-6.7-6gb-ram-512gb-rom-12mp-4352mah-blue-115686581.html
"Apple IPhone 15 - 6.1"" 6GB RAM 128GB ROM 48MP 3349mAh - blue","UGX 3,500,000","UGX 2,550,000",27%,,,https://www.jumia.ug/apple-iphone-15-6.1-6gb-ram-128gb-rom-48mp-3349mah-blue-155061080.html
"Samsung Galaxy S22 Ultra 5G 6.8"" 8GB RAM 128GB ROM 108MP - Black","UGX 2,500,000","UGX 1,900,000",24%,,,https://www.jumia.ug/samsung-galaxy-s22-ultra-5g-6.8-8gb-ram-128gb-rom-108mp-black-225338163.html
"Samsung Galaxy F06 5G 6.7"" 6GB RAM 128GB ROM 50MP 5000mAh – Blue","UGX 790,000","UGX 500,000",37%,,,https://www.jumia.ug/galaxy-f06-5g-6.7-6gb-ram-128gb-rom-50mp-5000mah-blue-samsung-mpg6197473.html
"Samsung Galaxy A15 - 6.5"" 4GB RAM 128GB ROM 48MP 5000mAh - Blue  With A Silicone Cover","UGX 989,982","UGX 869,981",12%,,167.0,https://www.jumia.ug/galaxy-a12-6.5-4gb-ram-128gb-rom-48mp-5000mah-blue-samsung-mpg55939.html
"Google Pixel 8 Pro 6.7"" 12GB RAM 256GB ROM 50MP 5050mAh -  Blue",,"UGX 5,600,000",,,,https://www.jumia.ug/google-pixel-8-pro-6.7-12gb-ram-256gb-rom-50mp-5050mah-blue-115712909.html
"ZTE Blade V50 Design 8GB 256GB 6.6"" 50mpx 4G LTE Dual SIM","UGX 650,000","UGX 424,900",35%,4.0,5.0,https://www.jumia.ug/zte-blade-v50-design-8gb-256gb-6.6-50mpx-4g-lte-dual-sim-146599784.html
"Redmi Note 14 Pro 5G 6.67"" 8GB RAM 256GB ROM 50MP 5500mAh - Purple.","UGX 2,160,000","UGX 1,020,000",53%,,,https://www.jumia.ug/redmi-note-14-pro-5g-6.67-8gb-ram-256gb-rom-50mp-5500mah-purple.-243447868.html
"Redmi Note 14 5G 6.67"" 8GB RAM 256GB ROM 108MP 5110mAh - Green","UGX 950,000","UGX 840,000",12%,4.0,1.0,https://www.jumia.ug/redmi-note-14-5g-6.67-8gb-ram-256gb-rom-108mp-5110mah-green-243444217.html
Tecno Camon 30 Pro 6.67'' 12GB RAM 512GB ROM 50MP TRIO 5000mAh - WHITE,"UGX 2,000,000","UGX 1,800,000",10%,,,https://www.jumia.ug/tecno-camon-30-pro-6.67-12gb-ram-512gb-rom-50mp-trio-5000mah-white-146541935.html
"Infinix Note 11 6.7"" 4GB RAM 128GB ROM 50MP 5000mAh - Celestial Snow",,"UGX 700,000",,4.2,75.0,https://www.jumia.ug/note-11-6.7-4gb-ram-128gb-rom-50mp-5000mah-celestial-snow-infinix-mpg115408.html
"Samsung Galaxy Z Flip6 - 6.7"" 12GB RAM 256GB ROM 50MP 4000mAh - Silver","UGX 4,320,000","UGX 2,850,000",34%,,,https://www.jumia.ug/samsung-galaxy-z-flip6-6.7-12gb-ram-256gb-rom-50mp-4000mah-silver-214336552.html
"Google Pixel 9 Pro XL 6.8"" 12GB RAM 512GB ROM 50MP 5060mAh - Black","UGX 5,600,000","UGX 4,100,000",27%,,,https://www.jumia.ug/pixel-9-pro-xl-6.8-12gb-ram-512gb-rom-50mp-5060mah-black-google-mpg5345790.html
"Samsung Galaxy A36 5G 6.7"" 8GB RAM 256GB ROM 50MP 5000mAh – Lime","UGX 2,250,000","UGX 1,050,000",53%,,,https://www.jumia.ug/galaxy-a36-5g-6.7-8gb-ram-256gb-rom-50mp-5000mah-lime-samsung-mpg5436887.html
"Samsung Galaxy A56 5G 6.7"" 12GB RAM 256GB ROM 50MP 5000mAh – Graphite","UGX 1,540,000","UGX 1,360,000",12%,5.0,1.0,https://www.jumia.ug/galaxy-a56-5g-6.7-12gb-ram-256gb-rom-50mp-5000mah-graphite-samsung-mpg6089320.html
"Apple iPhone 15 Pro Max 6.7"" 8GB RAM 256GB ROM 48MP 4441mAh -  Natural Titanium","UGX 7,450,000","UGX 3,700,000",50%,2.0,1.0,https://www.jumia.ug/apple-iphone-15-pro-max-6.7-8gb-ram-256gb-rom-48mp-4441mah-natural-titanium-131069866.html
"Samsung Galaxy A36 5G 6.7"" 8GB RAM 256GB ROM 50MP 5000mAh – Black","UGX 2,250,000","UGX 1,050,000",53%,,,https://www.jumia.ug/samsung-galaxy-a36-5g-6.7-8gb-ram-256gb-rom-50mp-5000mah-black-249202451.html
"Bluetooth Audio Stand, Mobile Phone, Tablet, Live Broadcast, Foldable Stand-black","UGX 89,166","UGX 30,800",65%,4.0,2.0,https://www.jumia.ug/generic-bluetooth-audio-stand-mobile-phone-tablet-live-broadcast-foldable-stand-black-192521879.html
"Apple iPhone 16 Pro Max 6.9"" 8GB RAM 256GB ROM 48MP - Natural Titanium","UGX 7,500,000","UGX 4,700,000",37%,,,https://www.jumia.ug/iphone-16-pro-max-6.9-8gb-ram-256gb-rom-48mp-natural-titanium-apple-mpg1502904.html
"Samsung Galaxy M16 – 6.7"" 4GB RAM 128GB ROM 50MP 5000mAh – Black","UGX 800,000","UGX 600,000",25%,,,https://www.jumia.ug/samsung-galaxy-m16-6.7-4gb-ram-128gb-rom-50mp-5000mah-black-249203967.html
"Apple iPhone 15 - 6.1"" 6GB RAM 256GB ROM 48MP 3349mAh - Black","UGX 4,900,000","UGX 2,700,000",45%,4.5,2.0,https://www.jumia.ug/iphone-15-6.1-6gb-ram-256gb-rom-48mp-3349mah-black-apple-mpg1080685.html
"Apple IPhone 12 Pro Max 6.7"" 6GB RAM 256GB ROM 12MP 3687mAh - Blue","UGX 4,100,000","UGX 2,200,000",46%,5.0,2.0,https://www.jumia.ug/iphone-12-pro-max-6.7-6gb-ram-256gb-rom-12mp-3687mah-blue-apple-mpg871638.html
"Samsung Galaxy S24 - 6.2"" 8GB RAM 256GB ROM 50MP 4000mAh - Black","UGX 3,900,000","UGX 2,130,000",45%,4.0,1.0,https://www.jumia.ug/samsung-galaxy-s24-6.2-8gb-ram-256gb-rom-50mp-4000mah-black-125706244.html
"Apple iPhone 15 Pro Max 6.7"" 8GB RAM 1TB ROM 48MP 4441mAh -  Blue Titanium","UGX 8,400,000","UGX 4,400,000",48%,,,https://www.jumia.ug/apple-iphone-15-pro-max-6.7-8gb-ram-1tb-rom-48mp-4441mah-blue-titanium-130265523.html
"Tecno Spark 20C 6.6"" 4GB RAM 128GB ROM 50MP 5000mAh","UGX 500,000","UGX 465,000",7%,3.0,1.0,https://www.jumia.ug/tecno-spark-20c-6.6-4gb-ram-128gb-rom-50mp-5000mah-192785333.html
"Samsung Galaxy S22 Ultra 5G 6.8"" 8GB RAM 256GB ROM 108MP 5000mAh - Burgundy","UGX 2,000,000","UGX 1,950,000",3%,,,https://www.jumia.ug/galaxy-s22-ultra-5g-6.8-8gb-ram-256gb-rom-108mp-5000mah-burgundy-samsung-mpg6089820.html
"Nokia  105 DS 1.8'' Dual Sim, FM Radio, Torch Light, 800MAH New Edition","UGX 75,000","UGX 71,000",5%,4.0,2.0,https://www.jumia.ug/nokia-105-ds-1.8-dual-sim-fm-radio-torch-light-800mah-new-edition-148749396.html
"Samsung Galaxy M16 – 6.7"" 4GB RAM 128GB ROM 50MP 5000mAh – Green","UGX 800,000","UGX 600,000",25%,5.0,1.0,https://www.jumia.ug/galaxy-m16-6.7-4gb-ram-128gb-rom-50mp-5000mah-black-samsung-mpg5479874.html
"Apple iPhone 16 Pro Max Single SIM 6.9"" 8GB RAM 256GB ROM 48MP - Desert Titanium","UGX 8,500,000","UGX 4,750,000",44%,,,https://www.jumia.ug/apple-iphone-16-pro-max-single-sim-6.9-8gb-ram-256gb-rom-48mp-desert-titanium-222718610.html
"Oneplus 13 - 6.82"" 12GB RAM 256GB ROM 50MP 6000mAh - Black Eclipse","UGX 3,700,000","UGX 2,550,000",31%,,,https://www.jumia.ug/oneplus-13-6.82-12gb-ram-256gb-rom-50mp-6000mah-black-eclipse-249154352.html
"Oneplus 13R 6.78"" 16GB RAM 512GB ROM 50MP 6000mAh - Astral Trail.","UGX 3,030,000","UGX 1,980,000",35%,,,https://www.jumia.ug/oneplus-13r-6.78-16gb-ram-512gb-rom-50mp-6000mah-astral-trail.-249157540.html
"Google Pixel 7 - 6.3"" 8GB RAM 128GB ROM 50MP 4355mAh - Black","UGX 3,500,100","UGX 1,380,000",61%,3.5,2.0,https://www.jumia.ug/google-pixel-7-6.3-8gb-ram-128gb-rom-50mp-4355mah-black-131070077.html
"Oneplus 13R 6.78"" 12GB RAM 256GB ROM 50MP 6000mAh - Nebula Noir","UGX 2,820,000","UGX 1,750,000",38%,,,https://www.jumia.ug/oneplus-13r-6.78-12gb-ram-256gb-rom-50mp-6000mah-nebula-noir-249157190.html
SQ LS-960 Dual Sim Gsm Wireless Landline Desktop Phone - Black,"UGX 170,000","UGX 140,000",18%,3.8,6.0,https://www.jumia.ug/sq-ls-960-dual-sim-gsm-wireless-landline-desktop-phone-black-141252363.html
"Samsung Galaxy M16 – 6.7"" 6GB RAM 128GB ROM 50MP 5000mAh – Green","UGX 850,000","UGX 580,000",32%,,,https://www.jumia.ug/galaxy-m16-6.7-6gb-ram-128gb-rom-50mp-5000mah-black-samsung-mpg5528365.html
"Apple IPhone 15 Plus Single SIM 6.7"" 6GB RAM 256GB ROM 48MP 4383mAh -  Pink","UGX 5,880,000","UGX 2,900,000",51%,,,https://www.jumia.ug/apple-iphone-15-plus-single-sim-6.7-6gb-ram-256gb-rom-48mp-4383mah-pink-131069796.html
"Apple IPhone 11 Pro 5.8"" 4GB RAM 64GB ROM 12MP 3046mAh - Forest Green","UGX 1,700,000","UGX 1,499,900 - UGX 1,700,000",12%,5.0,1.0,https://www.jumia.ug/apple-iphone-11-pro-5.8-4gb-ram-64gb-rom-12mp-3046mah-forest-green-153488908.html
"Tecno Camon 30 5G - 6.78"" 8GB RAM 512GB ROM 50MP 5000mAh - Black","UGX 1,800,000","UGX 1,500,000",17%,,,https://www.jumia.ug/camon-30-5g-6.78-8gb-ram-512gb-rom-50mp-5000mah-black-tecno-mpg2781922.html
"Samsung Galaxy A26 5G 6.7"" 8GB RAM 256GB ROM 50MP 5000mAh – White","UGX 2,070,000","UGX 890,000",57%,,,https://www.jumia.ug/galaxy-a26-5g-6.7-8gb-ram-256gb-rom-50mp-5000mah-white-samsung-mpg6407269.html
XIAOMI MI Powerbank 20000mAh Dual Input & Output Fast Charging - Black.,"UGX 150,000","UGX 69,999",53%,3.1,7.0,https://www.jumia.ug/xiaomi-mi-powerbank-20000mah-dual-input-output-fast-charging-black.-130836560.html
"Redmi  Note 14 Pro+ 5G 6.67"" 12GB RAM 512GB ROM 50MP 6200mAh -  Blue","UGX 1,750,000","UGX 1,270,000",27%,,,https://www.jumia.ug/redmi-note-14-pro-5g-6.67-12gb-ram-512gb-rom-50mp-6200mah-blue-243451590.html
"Samsung Galaxy F16 – 6.7"" 4GB RAM 128GB ROM 50MP 5000mAh – Black","UGX 900,000","UGX 600,000",33%,,,https://www.jumia.ug/galaxy-f16-6.7-4gb-ram-128gb-rom-50mp-5000mah-blue-samsung-mpg5443799.html
"Redmi Note 12 5G 6.67"" 4GB RAM 128GB ROM 48MP 5000mAh - gold","UGX 799,000","UGX 699,000",13%,,,https://www.jumia.ug/redmi-note-12-5g-6.67-4gb-ram-128gb-rom-48mp-5000mah-gold-107125316.html
"Google pixel 8 - 6.2"" 8GB RAM 128GB ROM 50MP 4575mAh -  Black","UGX 2,750,000","UGX 1,750,000",36%,,,https://www.jumia.ug/google-pixel-8-6.2-8gb-ram-128gb-rom-50mp-4575mah-black-115713062.html
"Samsung Galaxy S24 Ultra 6.8"" 12GB RAM 256GB ROM 200MP 5000mAh - Black","UGX 6,770,000","UGX 2,880,000",57%,5.0,3.0,https://www.jumia.ug/samsung-galaxy-s24-ultra-6.8-12gb-ram-256gb-rom-200mp-5000mah-black-121673864.html
"Apple IPhone 15 - 6.1"" 6GB RAM 128GB ROM 48MP 3349mAh - Blue","UGX 5,050,000","UGX 2,600,000",49%,4.0,4.0,https://www.jumia.ug/iphone-15-6.1-6gb-ram-128gb-rom-48mp-3349mah-blue-apple-mpg871648.html
"Redmi Note 14 Pro 5G 6.67"" 8GB RAM 256GB ROM 50MP 5500mAh - Black","UGX 2,160,000","UGX 1,020,000",53%,5.0,1.0,https://www.jumia.ug/redmi-note-14-pro-5g-6.67-8gb-ram-256gb-rom-50mp-5500mah-black-244471321.html
"Redmi Note 14 Pro 5G (Global) 6.67"" 12GB RAM 512GB ROM 50MP 5500mAh - Green.","UGX 2,280,000","UGX 1,130,000",50%,4.0,1.0,https://www.jumia.ug/redmi-note-14-pro-5g-global-6.67-12gb-ram-512gb-rom-50mp-5500mah-green.-244335428.html
ZTE Nubia Blade A75 5G 128GB 4GB RAM - Mint Green,"UGX 500,000","UGX 424,000",15%,,,https://www.jumia.ug/zte-nubia-blade-a75-5g-128gb-4gb-ram-mint-green-210180524.html
"Itel A18 2024- 5.0"" 1GB RAM 32GB ROM 5.0MP 2400mAh","UGX 250,000","UGX 175,000",30%,,,https://www.jumia.ug/itel-a18-2024-5.0-1gb-ram-32gb-rom-5.0mp-2400mah-244716148.html
"Redmi Note 14 Pro 5G (Global) 6.67"" 12GB RAM 512GB ROM 50MP 5500mAh - Green","UGX 2,280,000","UGX 1,130,000",50%,4.5,2.0,https://www.jumia.ug/redmi-note-14-pro-5g-global-6.67-12gb-ram-512gb-rom-50mp-5500mah-green-244471298.html
"Apple iPhone 16 - 6.1"" 8GB RAM 128GB ROM 48MP 3561mAh - Black","UGX 5,000,000","UGX 3,100,000",38%,4.0,1.0,https://www.jumia.ug/apple-iphone-16-6.1-8gb-ram-128gb-rom-48mp-3561mah-black-222716199.html
"Samsung Galaxy A26 5G 6.7"" 6GB RAM 128GB ROM 50MP 5000mAh – Black","UGX 1,970,000","UGX 795,000",60%,,,https://www.jumia.ug/galaxy-a26-5g-6.7-6gb-ram-128gb-rom-50mp-5000mah-black-samsung-mpg5481584.html
"Infinix Hot 40 - 6.78"" 8GB RAM 256GB ROM 50MP 5000mAh - Gold","UGX 700,000","UGX 695,000",1%,2.0,1.0,https://www.jumia.ug/infinix-hot-40-6.78-8gb-ram-256gb-rom-50mp-5000mah-gold-137160473.html
"Samsung Refurbished Galaxy S20 6.2"" 8GB RAM 128GB ROM 64MP  - Blue.","UGX 1,700,000","UGX 850,000",50%,3.0,2.0,https://www.jumia.ug/samsung-refurbished-galaxy-s20-6.2-8gb-ram-128gb-rom-64mp-blue.-107416938.html
"Samsung Galaxy S25 - 6.2"" 12GB RAM 256GB ROM 50MP 4000mAh - Icy Blue","UGX 4,600,000","UGX 2,550,000",45%,,,https://www.jumia.ug/samsung-galaxy-s25-6.2-12gb-ram-256gb-rom-50mp-4000mah-icy-blue-244471322.html
"Samsung Galaxy Z Fold6 - 7.6"" 12GB RAM 256GB ROM 50MP 4400mAh - Navy","UGX 5,950,000","UGX 4,650,000",22%,,,https://www.jumia.ug/samsung-galaxy-z-fold6-7.6-12gb-ram-256gb-rom-50mp-4400mah-navy-217231818.html
SIMI S126 1.77inch Feature Phone Dual SIM Card 1050mAh,"UGX 70,000","UGX 42,000",40%,,,https://www.jumia.ug/simi-s126-1.77inch-feature-phone-dual-sim-card-1050mah-245230945.html
RENEWED Redmi 10A 4GB RAM + 64GB ROM 5000mAh Dual SIM 6.5 Inch HD Screen 13MP Camera Fingerprint Refurbished Smartphone,"UGX 370,000","UGX 328,990",11%,5.0,1.0,https://www.jumia.ug/renewed-redmi-10a-4gb-ram-64gb-rom-5000mah-dual-sim-6.5-inch-hd-screen-13mp-camera-fingerprint-refurbished-smartphone-242846872.html
ZTE Blade A73 5G 128GB ROM+ 12GB(6+6) RAM 5000mAh Battery Dual Sim - Grey,"UGX 555,000","UGX 430,000",23%,5.0,1.0,https://www.jumia.ug/zte-blade-a73-5g-128gb-rom-12gb66-ram-5000mah-battery-dual-sim-grey-135030748.html
"Apple IPhone 14 Pro 6.1"" 6GB ROM 256GB ROM 48MP 3200mAh - Purple","UGX 5,800,100","UGX 2,600,000",55%,,,https://www.jumia.ug/apple-iphone-14-pro-6.1-6gb-rom-256gb-rom-48mp-3200mah-purple-131070116.html
"Samsung Galaxy A26 5G 6.7"" 6GB RAM 128GB ROM 50MP 5000mAh – Black.","UGX 1,970,000","UGX 795,000",60%,,,https://www.jumia.ug/galaxy-a26-5g-6.7-6gb-ram-128gb-rom-50mp-5000mah-white-samsung-mpg5543252.html
"Apple REFURBISHED IPhone X 3GB RAM, 256GB ROM 12MP Camera (6 Months Warranty )- White/Black","UGX 1,790,000","UGX 895,000",50%,,,https://www.jumia.ug/apple-refurbished-iphone-x-3gb-ram-256gb-rom-12mp-camera-6-months-warranty-whiteblack-214376439.html
"Oneplus 13 - 6.82"" 16GB RAM 512GB ROM 50MP 6000mAh - Midnight Ocean","UGX 3,950,000","UGX 2,940,000",26%,,,https://www.jumia.ug/oneplus-13-6.82-16gb-ram-512gb-rom-50mp-6000mah-midnight-ocean-249155123.html
"Redmi Note 14 Pro 5G 6.67"" 8GB RAM 256GB ROM 50MP 5500mAh - Purple","UGX 2,160,000","UGX 1,020,000",53%,5.0,1.0,https://www.jumia.ug/redmi-note-14-pro-5g-6.67-8gb-ram-256gb-rom-50mp-5500mah-purple-243448565.html
"Redmi Note 14 Pro 4G (Global) 6.67"" 12GB RAM 512GB ROM 200MP 5500mAh - Green","UGX 2,200,000","UGX 1,010,000",54%,,,https://www.jumia.ug/redmi-note-14-pro-4g-global-6.67-12gb-ram-512gb-rom-200mp-5500mah-green-244338251.html
SIMI S122 1.77QVGA Feature Phone Dual SIM Card 1050mAh - Black,"UGX 70,000","UGX 35,000",50%,,,https://www.jumia.ug/simi-s122-1.77qvga-feature-phone-dual-sim-card-1050mah-black-218031230.html
"Samsung Galaxy S23 Ultra 6.8"" 12GB RAM 512GB ROM 200MP - Green","UGX 5,100,100","UGX 3,450,000",32%,,,https://www.jumia.ug/samsung-galaxy-s23-ultra-6.8-12gb-ram-512gb-rom-200mp-green-131161887.html
"Nokia 3210 - 2.4"" 64MB RAM 128MB ROM 2MP  1450mAh - Black","UGX 240,000","UGX 220,000",8%,4.5,2.0,https://www.jumia.ug/nokia-3210-2.4-64mb-ram-128mb-rom-2mp-1450mah-black-206817593.html
"Google Pixel 7a 6.1"" 8GB RAM 128GB ROM 64MP 4385mAh - Black","UGX 2,000,000","UGX 1,250,000",38%,4.5,2.0,https://www.jumia.ug/google-pixel-7a-6.1-8gb-ram-128gb-rom-64mp-4385mah-black-153496046.html
"Apple IPhone 11 6.1, 4GB RAM 128GB ROM Single Sim - Black","UGX 2,999,997","UGX 1,790,000",40%,,,https://www.jumia.ug/apple-iphone-11-6.1-4gb-ram-128gb-rom-single-sim-black-50172461.html
"Redmi  Note 14 Pro+ 5G 6.67"" 12GB RAM 512GB ROM 50MP 6200mAh -  Blue","UGX 1,750,000","UGX 1,270,000",27%,,,https://www.jumia.ug/redmi-note-14-pro-5g-6.67-12gb-ram-512gb-rom-50mp-6200mah-blue-244471331.html
"Samsung Galaxy A56 5G 6.7"" 8GB RAM 256GB ROM 50MP 5000mAh – Olive","UGX 1,680,000","UGX 1,270,000",24%,,,https://www.jumia.ug/galaxy-a56-5g-6.7-8gb-ram-256gb-rom-50mp-5000mah-olive-samsung-mpg6162362.html
"Apple iPhone 16 Pro 6.3"" 8GB RAM 256GB ROM 48MP - Desert Titanium","UGX 7,000,000","UGX 4,500,000",36%,,,https://www.jumia.ug/apple-iphone-16-pro-6.3-8gb-ram-256gb-rom-48mp-desert-titanium-222820825.html
"Samsung Galaxy A56 5G 6.7"" 8GB RAM 256GB ROM 50MP 5000mAh – Graphite","UGX 1,780,000","UGX 1,270,000",29%,,,https://www.jumia.ug/galaxy-a56-5g-6.7-8gb-ram-256gb-rom-50mp-5000mah-graphite-samsung-mpg5541156.html
"Samsung Galaxy A05s 6.7"" 4GB RAM 64GB ROM 50MP 5000mAh - Black","UGX 480,000","UGX 435,000",9%,,3.0,https://www.jumia.ug/samsung-galaxy-a05s-6.7-4gb-ram-64gb-rom-50mp-5000mah-black-128564070.html
"Apple iPhone 12 Pro Max 6.7"" 6GB RAM 256GB ROM 12MP 3687mAh - Graphite","UGX 4,100,000","UGX 2,050,000",50%,,,https://www.jumia.ug/apple-iphone-12-pro-max-6.7-6gb-ram-256gb-rom-12mp-3687mah-graphite-131069777.html
"Samsung Galaxy M16 – 6.7"" 6GB RAM 128GB ROM 50MP 5000mAh – Mint Green","UGX 950,000","UGX 580,000",39%,,,https://www.jumia.ug/galaxy-m16-6.7-6gb-ram-128gb-rom-50mp-5000mah-mint-green-samsung-mpg5483361.html
"Redmi Note 14 Pro+ 5G 6.67"" 12GB RAM 512GB ROM 50MP 6200mAh - Purple","UGX 1,750,000","UGX 1,270,000",27%,5.0,1.0,https://www.jumia.ug/redmi-note-14-pro-5g-6.67-12gb-ram-512gb-rom-50mp-6200mah-purple-243451672.html
"Samsung Galaxy A56 5G 6.7"" 8GB RAM 256GB ROM 50MP 5000mAh – Grey","UGX 1,680,000","UGX 1,270,000",24%,1.0,1.0,https://www.jumia.ug/samsung-galaxy-a56-5g-6.7-8gb-ram-256gb-rom-50mp-5000mah-grey-249208615.html
"Samsung Galaxy Z Fold5 5G 7.6"" 12GB RAM 512GB ROM 50MP 4400mAh - Phantom Black","UGX 6,400,000","UGX 5,000,000",22%,,,https://www.jumia.ug/samsung-galaxy-z-fold5-5g-7.6-12gb-ram-512gb-rom-50mp-4400mah-phantom-black-131069935.html
"Samsung Galaxy S24 - 6.2"" 8GB RAM 256GB ROM 50MP 4000mAh - Grey","UGX 3,900,000","UGX 2,130,000",45%,4.0,3.0,https://www.jumia.ug/samsung-galaxy-s24-6.2-8gb-ram-256gb-rom-50mp-4000mah-grey-131069978.html
"Redmi Note 14 4G 6.67"" 8GB RAM 256GB ROM 108MP 5500mAh - Green","UGX 1,090,000","UGX 680,000",38%,,,https://www.jumia.ug/redmi-note-14-4g-6.67-8gb-ram-256gb-rom-108mp-5500mah-green-250537088.html
"Apple IPhone 14 Pro Max Dual SIM 6.7"" 6GB RAM 256GB ROM 48MP - Purple","UGX 6,199,983","UGX 2,900,000",53%,5.0,2.0,https://www.jumia.ug/iphone-14-pro-max-single-sim-6.7-6gb-ram-256gb-rom-48mp-purple-apple-mpg736466.html
"Apple iPhone 12 - 6.1"" 4GB RAM 128GB ROM 12MP 2815mAh - Blue (Refurbished)",,"UGX 7,000,000",,,,https://www.jumia.ug/apple-iphone-12-6.1-4gb-ram-128gb-rom-12mp-2815mah-blue-refurbished-33315041.html
"Samsung Galaxy A56 5G 6.7"" 8GB RAM 128GB ROM 50MP 5000mAh – Graphite","UGX 2,250,000","UGX 1,180,000",48%,,,https://www.jumia.ug/samsung-galaxy-a56-5g-6.7-8gb-ram-128gb-rom-50mp-5000mah-graphite-249200386.html
"SIMI S400: Tiny Size, Big Sister Energy! Celebrate Her Power – Grab Yours Before March 8th","UGX 58,800","UGX 38,000",35%,3.5,4.0,https://www.jumia.ug/simi-s400-tiny-size-big-sister-energy-celebrate-her-power-grab-yours-before-march-8th-244191841.html
"Apple iPhone 13 Pro Max 6.7"" 6GB RAM 512GB ROM 12MP 4352mAh - Graphite","UGX 4,500,000","UGX 2,600,000",42%,3.0,1.0,https://www.jumia.ug/apple-iphone-13-pro-max-6.7-6gb-ram-512gb-rom-12mp-4352mah-graphite-131069883.html
"Itel 6360 Dual SIM Touch Button 2.8"" 1500mAh - Aurors Blue",,"UGX 148,000",,3.6,5.0,https://www.jumia.ug/itel-6360-dual-sim-touch-button-2.8-1500mah-aurors-blue-111763093.html
"Samsung Galaxy S23 Ultra 6.8"" 12GB RAM 256GB ROM 200MP - Black","UGX 4,100,015","UGX 2,600,000",37%,4.7,3.0,https://www.jumia.ug/galaxy-s23-ultra-6.8-12gb-ram-256gb-rom-200mp-green-samsung-mpg709774.html
"Apple iPhone 13 - 6.1"" 4GB RAM 128GB ROM 12MP 3240mAh - Black (Refurbished)",,"UGX 5,000,000",,,,https://www.jumia.ug/iphone-13-6.1-4gb-ram-128gb-rom-12mp-3240mah-new-refurb-generic-mpg871655.html
"Tecno Spark 10C 6.6"" 8GB RAM 128GB ROM 16MP 5000mAh - Meta Black","UGX 750,000","UGX 745,000",1%,,,https://www.jumia.ug/tecno-spark-10c-6.6-8gb-ram-128gb-rom-16mp-5000mah-meta-black-100036481.html
"Google Pixel 9 Pro XL 6.8"" 16GB RAM 256GB ROM 50MP 5060mAh - Black","UGX 5,300,000","UGX 3,400,000",36%,,,https://www.jumia.ug/google-pixel-9-pro-xl-6.8-16gb-ram-256gb-rom-50mp-5060mah-black-217231842.html
"Samsung Galaxy Z Flip6 - 6.7"" 12GB RAM 256GB ROM 50MP 4000mAh - Silver","UGX 4,320,000","UGX 2,850,000",34%,1.0,1.0,https://www.jumia.ug/samsung-galaxy-z-flip6-6.7-12gb-ram-256gb-rom-50mp-4000mah-silver-217231845.html
"Google Pixel 7 - 6.3"" 8GB RAM 128GB ROM 50MP 4355mAh - Obsidian","UGX 2,000,000","UGX 1,380,000",31%,4.5,4.0,https://www.jumia.ug/7-6.3-8gb-ram-128gb-rom-50mp-4355mah-obsidian-google-pixel-mpg3162280.html
"Nokia 5710 XpressAudio 2.4"" 48MB RAM 128GB ROM 0.3MP 1450mAh - Black",,"UGX 380,012",,3.7,7.0,https://www.jumia.ug/nokia-5710-xpressaudio-2.4-48mb-ram-128gb-rom-0.3mp-1450mah-black-77679641.html
"Samsung Galaxy S22 Ultra 5G 6.8"" 8GB RAM 512GB ROM 108MP 5000mAh - Green","UGX 2,500,000","UGX 2,150,000",14%,,,https://www.jumia.ug/samsung-galaxy-s22-ultra-5g-6.8-8gb-ram-512gb-rom-108mp-5000mah-green-250537095.html
Nokia Cell phone,"UGX 400,000","UGX 350,000",13%,5.0,1.0,https://www.jumia.ug/nokia-cell-phone-131998467.html
"Samsung Galaxy A24 4G 6.5"" 4GB RAM 128GB ROM 50MP 5000mAh - Black",,"UGX 1,200,000",,,,https://www.jumia.ug/samsung-galaxy-a24-4g-6.5-4gb-ram-128gb-rom-50mp-5000mah-black-86469262.html
"Nothing Phone (2a) 6.7"" 12GB RAM 256GB ROM 50MP 5000mAh - Black","UGX 3,000,000","UGX 1,350,000",55%,5.0,1.0,https://www.jumia.ug/nothing-phone-2a-6.7-12gb-ram-256gb-rom-50mp-5000mah-black-134410252.html
"Google Pixel 9 Pro 6.3"" 16GB RAM 256GB ROM 50MP 4700mAh - Rose Quartz","UGX 5,150,000","UGX 3,700,000",28%,,,https://www.jumia.ug/google-pixel-9-pro-6.3-16gb-ram-256gb-rom-50mp-4700mah-rose-quartz-217231832.html
"Samsung Galaxy A54 - 6.4"" 8GB RAM 128GB ROM 50MP 5000mAh - Graphite","UGX 1,500,000","UGX 1,155,000",23%,,,https://www.jumia.ug/samsung-galaxy-a54-6.4-8gb-ram-128gb-rom-50mp-5000mah-graphite-97099577.html
"Nokia 5310 ""2.4"" 8MB RAM 16MB ROM 0.2MP 1200mAh - Black (1 YR WRTY)",,"UGX 225,000",,5.0,2.0,https://www.jumia.ug/nokia-5310-2.4-8mb-ram-16mb-rom-0.2mp-1200mah-black-1-yr-wrty-50735569.html
"Apple IPhone 14 Pro 6.1"" 6GB ROM 128GB ROM 48MP 3200mAh - Purple","UGX 5,500,000","UGX 2,500,000",55%,,,https://www.jumia.ug/apple-iphone-14-pro-6.1-6gb-rom-128gb-rom-48mp-3200mah-purple-131069830.html
"Apple IPhone 15 - 6.1"" 6GB RAM 128GB ROM 48MP 3349mAh - Black","UGX 3,500,000","UGX 2,550,000",27%,,,https://www.jumia.ug/apple-iphone-15-6.1-6gb-ram-128gb-rom-48mp-3349mah-black-155059860.html
